gen,time
0,135.82563376426697
1,83.98069143295288
2,77.58891749382019
3,172.96166968345642
4,167.62833762168884
5,308.58634972572327
6,149.29680514335632
7,306.6145875453949
8,332.30167531967163
9,236.70097613334656
10,295.8825845718384
11,743.7745368480682
12,480.28645062446594
13,282.12052273750305
14,888.8156814575195
15,1029.3662285804749
16,701.6001806259155
17,1087.1893939971924
18,649.715523481369
19,642.0201969146729
