gen,time
0,74.04902076721191
1,66.74666094779968
2,127.30891370773315
3,195.1890571117401
4,244.73953294754028
5,495.3678238391876
6,266.6921124458313
7,270.69640922546387
8,268.7626085281372
9,160.93876457214355
10,139.436541557312
11,158.9837281703949
12,86.90606689453125
13,87.15044832229614
14,96.37792468070984
15,97.05352306365967
16,83.87712025642395
17,119.77511787414551
18,86.61958074569702
19,114.69450116157532
