gen,time
0,59.97792077064514
1,81.02628588676453
2,135.6807417869568
3,144.59771585464478
4,183.39057421684265
5,217.83029651641846
6,175.2351324558258
7,237.83977460861206
8,215.85387587547302
9,237.01133728027344
10,215.23217225074768
11,301.76442766189575
12,280.0841500759125
13,272.58940267562866
14,307.65778398513794
15,299.59933948516846
16,267.57023334503174
17,329.11441707611084
18,308.1762909889221
19,321.39763355255127
