gen,time
0,44.10605311393738
1,50.47817516326904
2,113.36416673660278
3,123.86386823654175
4,149.347238779068
5,202.18216609954834
6,166.88483691215515
7,155.3330843448639
8,223.9998483657837
9,240.0250382423401
10,164.54843854904175
11,118.52497172355652
12,179.56229615211487
13,378.2514593601227
14,171.3415503501892
15,381.35136699676514
16,205.44967699050903
17,235.20017457008362
18,232.25951719284058
19,278.4676351547241
