gen,time
0,82.71477103233337
1,74.79953789710999
2,126.93746995925903
3,198.64450097084045
4,278.5754554271698
5,284.4390347003937
6,279.4097635746002
7,429.1296751499176
8,457.219407081604
9,1183.204936504364
10,373.4353811740875
11,633.6351847648621
12,1138.355706691742
13,619.7214975357056
14,727.7518970966339
15,387.06552839279175
16,482.8859326839447
17,336.02862071990967
18,584.3681287765503
19,648.3542256355286
