gen,time
0,39.53014588356018
1,65.58048009872437
2,81.16947364807129
3,122.90052390098572
4,104.50113987922668
5,157.76425790786743
6,150.86666464805603
7,154.25509548187256
8,94.94385957717896
9,108.44945812225342
10,76.90660953521729
11,43.24241828918457
12,32.782878160476685
13,48.31228256225586
14,76.08577871322632
15,50.16750931739807
16,38.67922902107239
17,55.95112228393555
18,73.88801288604736
19,41.97125267982483
