gen,time
0,73.88845491409302
1,52.948567628860474
2,135.2749741077423
3,173.5588562488556
4,223.07478713989258
5,234.08554339408875
6,186.37960982322693
7,178.74968123435974
8,191.6953523159027
9,106.33885335922241
10,79.21502614021301
11,88.79036664962769
12,98.69363856315613
13,223.06579303741455
14,91.84356904029846
15,215.17151069641113
16,259.1315565109253
17,425.20944118499756
18,471.5778124332428
19,1072.2738189697266
