gen,time
0,57.18408513069153
1,109.50270342826843
2,123.83527660369873
3,191.23959589004517
4,280.6649217605591
5,237.51665043830872
6,156.43980312347412
7,133.052232503891
8,182.4364674091339
9,136.57017016410828
10,120.7980797290802
11,140.01947402954102
12,151.25415992736816
13,129.6003315448761
14,193.86344623565674
15,229.6951858997345
16,352.1835343837738
17,225.90752005577087
18,254.2145140171051
19,143.89927220344543
