gen,time
0,60.068636417388916
1,51.11756920814514
2,43.68085551261902
3,97.91550612449646
4,130.44442224502563
5,132.81078386306763
6,200.2381534576416
7,196.76831459999084
8,284.16203784942627
9,190.7965760231018
10,195.7519793510437
11,193.99384903907776
12,250.7822585105896
13,275.04672741889954
14,281.27118849754333
15,776.0627174377441
16,257.79716873168945
17,301.4465854167938
18,334.6128625869751
19,919.2657082080841
