gen,time
0,86.80686712265015
1,273.80114245414734
2,407.33307099342346
3,321.21099066734314
4,373.3191738128662
5,502.81031703948975
6,431.10325384140015
7,496.00458669662476
8,1267.864183664322
9,622.6278719902039
10,1240.6902465820312
11,835.7210428714752
12,606.357085943222
13,1340.328370809555
14,1383.7655742168427
15,922.710667848587
16,900.579451084137
17,1499.530588388443
18,872.961731672287
19,984.987336397171
