gen,time
0,55.55138397216797
1,64.57976603507996
2,114.54244661331177
3,195.74317574501038
4,225.9413070678711
5,157.06271147727966
6,121.73222827911377
7,542.0108275413513
8,120.25958061218262
9,98.59112167358398
10,102.14198684692383
11,107.54002571105957
12,111.7042167186737
13,225.17446088790894
14,96.79121851921082
15,261.25911045074463
16,687.5792574882507
17,767.4857425689697
18,164.46708726882935
19,156.87006402015686
