gen,time
0,46.07316279411316
1,50.30530548095703
2,47.932156801223755
3,98.83859467506409
4,109.08435082435608
5,102.88905906677246
6,121.21663904190063
7,131.96735310554504
8,118.17146897315979
9,174.578351020813
10,145.3655867576599
11,197.4904429912567
12,103.8373875617981
13,112.63692307472229
14,90.40019583702087
15,80.05417203903198
16,83.696613073349
17,76.39468479156494
18,84.67899703979492
19,75.4453935623169
