gen,time
0,68.16411757469177
1,47.3913254737854
2,95.21741652488708
3,186.50560069084167
4,212.42510604858398
5,182.99543690681458
6,173.89548563957214
7,134.32018160820007
8,89.5395839214325
9,99.03526091575623
10,82.46075487136841
11,125.9445731639862
12,127.95250511169434
13,103.68725109100342
14,188.14798045158386
15,192.2059051990509
16,187.47791934013367
17,173.56623601913452
18,730.3099150657654
19,760.7062282562256
