gen,time
0,90.46321249008179
1,84.25647783279419
2,97.98635840415955
3,221.0834584236145
4,210.85315775871277
5,378.82459807395935
6,166.77978706359863
7,164.3731656074524
8,209.68592882156372
9,227.8921663761139
10,206.8810155391693
11,264.84089493751526
12,295.31900668144226
13,257.4432632923126
14,232.4252691268921
15,524.1345117092133
16,236.60227870941162
17,196.57557487487793
18,240.08659052848816
19,217.99519443511963
