gen,time
0,40.459168910980225
1,40.01560187339783
2,66.59298467636108
3,210.27995204925537
4,146.3114058971405
5,169.38475489616394
6,192.7781867980957
7,505.6795859336853
8,158.47787308692932
9,123.37757062911987
10,583.7088811397552
11,157.74982142448425
12,488.51506447792053
13,643.4379498958588
14,280.3746540546417
15,329.75184178352356
16,347.30453848838806
17,359.06541657447815
18,525.9516909122467
19,492.9980251789093
