gen,usage
0,410.91796875
1,410.91796875
2,410.91796875
3,410.91796875
4,410.91796875
5,410.91796875
6,410.91796875
7,410.91796875
8,410.91796875
9,410.91796875
10,410.91796875
11,410.91796875
12,410.91796875
13,410.91796875
14,410.91796875
15,410.91796875
16,410.91796875
17,410.91796875
18,410.91796875
19,410.91796875
