gen,time
0,63.85937786102295
1,79.86433100700378
2,100.37063407897949
3,263.36806082725525
4,250.49773740768433
5,256.8038947582245
6,252.9271354675293
7,292.62696743011475
8,498.0576355457306
9,636.7498254776001
10,880.3028910160065
11,643.6411345005035
12,782.9670352935791
13,1036.7484149932861
14,965.6954901218414
15,601.8537139892578
16,649.5712797641754
17,536.4191606044769
18,743.5764851570129
19,542.1467771530151
