gen,time
0,72.16824698448181
1,127.86695504188538
2,165.80456614494324
3,197.83576321601868
4,342.49388122558594
5,272.77916860580444
6,286.9598002433777
7,822.0251297950745
8,226.16257214546204
9,969.8448479175568
10,411.78643441200256
11,534.845695734024
12,532.9017310142517
13,712.3397312164307
14,637.7767939567566
15,424.0746695995331
16,410.380628824234
17,696.545508146286
18,1054.8663582801819
19,540.6066100597382
