gen,usage
0,347.50390625
1,347.50390625
2,347.50390625
3,347.50390625
4,347.50390625
5,347.50390625
6,347.50390625
7,347.50390625
8,347.50390625
9,347.50390625
10,347.50390625
11,347.50390625
12,347.50390625
13,347.50390625
14,347.50390625
15,347.50390625
16,347.50390625
17,347.50390625
18,347.50390625
19,347.50390625
