gen,time
0,74.96060585975647
1,84.16662859916687
2,160.61579203605652
3,210.88929677009583
4,217.22606992721558
5,220.47092270851135
6,208.9551191329956
7,254.10030722618103
8,383.91730761528015
9,332.0202488899231
10,531.7432503700256
11,1067.7773897647858
12,387.39203572273254
13,390.1534492969513
14,486.647097826004
15,198.71074604988098
16,371.8952000141144
17,446.1813941001892
18,525.9933865070343
19,407.0318372249603
