gen,time
0,53.2839252948761
1,63.04552936553955
2,97.86417841911316
3,173.09085726737976
4,183.45544481277466
5,127.33405017852783
6,127.93588471412659
7,123.61638951301575
8,131.4977366924286
9,136.44638752937317
10,143.40807104110718
11,142.4198305606842
12,225.4744255542755
13,201.3451931476593
14,278.5631937980652
15,189.40429830551147
16,257.36402678489685
17,254.13702607154846
18,217.03545379638672
19,282.0806267261505
