gen,time
0,74.61860466003418
1,75.91600203514099
2,129.09050631523132
3,172.01859188079834
4,143.32942056655884
5,216.3486771583557
6,241.40763878822327
7,259.5965690612793
8,285.4796781539917
9,292.8417227268219
10,293.2018117904663
11,332.8411674499512
12,349.5316171646118
13,381.00099205970764
14,388.6455240249634
15,370.5533857345581
16,396.91335821151733
17,408.77463388442993
18,338.64607787132263
19,330.519406080246
