gen,time
0,64.79345870018005
1,75.71582007408142
2,90.21654868125916
3,145.290123462677
4,191.29054856300354
5,180.357647895813
6,169.14870381355286
7,148.6541130542755
8,152.07259845733643
9,168.20542311668396
10,161.3979902267456
11,158.99118447303772
12,107.3645806312561
13,93.6606936454773
14,92.80369210243225
15,115.47073101997375
16,114.61333918571472
17,231.97327375411987
18,131.24112629890442
19,170.79206109046936
