gen,time
0,87.15612149238586
1,75.43392491340637
2,132.9181091785431
3,135.38000869750977
4,168.26132464408875
5,257.2924635410309
6,290.1232771873474
7,186.55629205703735
8,201.22085285186768
9,171.39397716522217
10,230.73024082183838
11,814.4778866767883
12,215.18318700790405
13,373.6266815662384
14,201.47246289253235
15,366.00024127960205
16,442.9252874851227
17,365.8359763622284
18,295.13627910614014
19,387.1802616119385
