gen,time
0,34.341639041900635
1,42.8747673034668
2,76.044109582901
3,104.25637578964233
4,139.08962225914001
5,151.5279667377472
6,198.98510098457336
7,184.8006649017334
8,168.67483854293823
9,139.79718017578125
10,140.21022939682007
11,157.06175804138184
12,153.91121792793274
13,160.4253373146057
14,184.18577766418457
15,470.01495909690857
16,189.49207496643066
17,285.0000729560852
18,186.9565773010254
19,628.2192130088806
