gen,time
0,51.787041425704956
1,98.55211591720581
2,93.41156911849976
3,150.05981588363647
4,221.56703066825867
5,314.3190803527832
6,269.86432790756226
7,270.9747745990753
8,330.99127173423767
9,341.24854826927185
10,309.21555376052856
11,683.7080924510956
12,319.6065890789032
13,342.5079789161682
14,282.40796875953674
15,230.42993879318237
16,299.80813574790955
17,395.06053709983826
18,430.0906083583832
19,361.1801118850708
