gen,time
0,54.849604845047
1,48.23041081428528
2,82.93244886398315
3,124.98066568374634
4,180.23169875144958
5,184.55831289291382
6,174.08591985702515
7,111.13235974311829
8,121.43159294128418
9,80.84345126152039
10,75.62909579277039
11,87.85841202735901
12,95.58354663848877
13,115.85550475120544
14,104.75309371948242
15,104.24656677246094
16,123.34907412528992
17,101.07129788398743
18,89.57510614395142
19,329.0540397167206
