gen,time
0,83.39846277236938
1,109.75861668586731
2,163.38416862487793
3,269.0604043006897
4,249.98446989059448
5,260.27099871635437
6,341.5079171657562
7,258.62323451042175
8,304.82787799835205
9,381.1120376586914
10,414.92739963531494
11,349.3961281776428
12,436.80146169662476
13,360.4582257270813
14,304.17086148262024
15,244.87001872062683
16,156.8848135471344
17,184.50053572654724
18,215.10151839256287
19,240.73196816444397
