gen,time
0,84.79567551612854
1,67.82034111022949
2,110.85928702354431
3,107.6238329410553
4,205.7548005580902
5,218.3810577392578
6,375.2056202888489
7,244.06376552581787
8,322.53302907943726
9,320.7856090068817
10,492.78355598449707
11,826.1216206550598
12,1631.7576351165771
13,654.2044196128845
14,1327.741021156311
15,1149.7479860782623
16,986.3213050365448
17,458.5433757305145
18,634.7188198566437
19,486.34364104270935
