gen,time
0,31.19478702545166
1,56.8106791973114
2,77.42009615898132
3,52.766915798187256
4,77.87204575538635
5,143.1856095790863
6,111.82623791694641
7,156.2332124710083
8,341.0142056941986
9,181.43514847755432
10,205.8596384525299
11,218.07386255264282
12,270.5570549964905
13,167.51049637794495
14,266.992564201355
15,443.31327962875366
16,300.12244057655334
17,342.4370527267456
18,311.0352804660797
19,324.73020243644714
