gen,time
0,137.42643213272095
1,164.5072009563446
2,256.6943395137787
3,469.02023911476135
4,576.9725003242493
5,388.63586235046387
6,217.43020510673523
7,163.12674975395203
8,202.47296285629272
9,144.61496686935425
10,157.1789665222168
11,147.95926713943481
12,447.3201518058777
13,147.677161693573
14,176.61353945732117
15,220.46059894561768
16,272.0127718448639
17,280.0467338562012
18,349.74880290031433
19,1012.5978207588196
