gen,time
0,43.59809446334839
1,71.70370030403137
2,104.03691744804382
3,302.24562311172485
4,143.4631152153015
5,154.29198455810547
6,156.02000665664673
7,141.37850046157837
8,97.55257868766785
9,108.60142111778259
10,83.22996497154236
11,93.53040313720703
12,96.72706913948059
13,100.3488609790802
14,168.36662936210632
15,124.6225335597992
16,89.26180911064148
17,242.86454510688782
18,222.39132070541382
19,233.8169982433319
