gen,time
0,70.12521600723267
1,147.19488978385925
2,108.5046489238739
3,161.35962510108948
4,167.5020890235901
5,167.22472262382507
6,175.44039487838745
7,135.72382402420044
8,165.5711224079132
9,114.27692103385925
10,112.64629030227661
11,95.22580122947693
12,113.02857422828674
13,74.67103266716003
14,208.23296856880188
15,140.6026222705841
16,127.34976649284363
17,171.41648316383362
18,166.18136620521545
19,266.209219455719
