gen,time
0,70.55487823486328
1,70.28330206871033
2,109.18046426773071
3,112.7975206375122
4,125.17189288139343
5,138.3959641456604
6,176.16514945030212
7,46.70372819900513
8,38.858532428741455
9,78.62775707244873
10,50.63243889808655
11,80.95311856269836
12,42.11863160133362
13,62.25157618522644
14,50.032297134399414
15,43.31219029426575
16,27.073511123657227
17,67.92029762268066
18,56.84592628479004
19,48.825448989868164
