gen,usage
0,376.6875
1,376.6875
2,376.6875
3,376.6875
4,376.6875
5,376.6875
6,376.6875
7,376.6875
8,376.6875
9,376.6875
10,376.6875
11,376.6875
12,389.01171875
13,389.01171875
14,389.01171875
15,389.01171875
16,389.01171875
17,389.01171875
18,389.01171875
19,389.01171875
