gen,time
0,47.11641073226929
1,58.60742425918579
2,113.57567048072815
3,108.51496577262878
4,149.6267967224121
5,184.7922329902649
6,152.68358039855957
7,142.50917601585388
8,176.64514875411987
9,190.4097409248352
10,131.80275297164917
11,195.27702856063843
12,177.25675988197327
13,235.94908118247986
14,179.09907793998718
15,298.1259434223175
16,304.33663296699524
17,410.8836009502411
18,977.4192132949829
19,297.8803460597992
