gen,time
0,68.1331684589386
1,65.22956871986389
2,139.39288592338562
3,142.67032551765442
4,166.25084972381592
5,170.79900741577148
6,274.2287836074829
7,265.458758354187
8,840.6953465938568
9,243.50313019752502
10,162.76247310638428
11,202.3872675895691
12,263.07550144195557
13,196.89776706695557
14,187.85819911956787
15,198.54318857192993
16,210.93525862693787
17,174.8794298171997
18,185.00555157661438
19,180.62031960487366
