gen,time
0,35.84878993034363
1,48.135438442230225
2,71.05423927307129
3,127.22588014602661
4,95.33385729789734
5,132.71818137168884
6,182.64784812927246
7,182.39306211471558
8,128.39007663726807
9,163.66274428367615
10,205.52497053146362
11,188.68972277641296
12,232.69229650497437
13,203.2187442779541
14,241.30315279960632
15,234.90655827522278
16,218.30249333381653
17,209.13543272018433
18,218.29931139945984
19,197.89344024658203
