gen,time
0,36.15603709220886
1,42.682108879089355
2,76.4565703868866
3,105.41634225845337
4,80.13653898239136
5,44.20299220085144
6,45.82040500640869
7,68.95087242126465
8,174.27195930480957
9,97.24675393104553
10,61.16162657737732
11,95.76094937324524
12,52.869391679763794
13,640.2700684070587
14,109.1652147769928
15,123.58893036842346
16,161.9600260257721
17,123.07791709899902
18,704.1609568595886
19,158.6456413269043
