gen,time
0,62.691774129867554
1,109.71604037284851
2,104.8935854434967
3,86.14862418174744
4,93.42731428146362
5,132.66715240478516
6,221.326030254364
7,165.72820663452148
8,147.77593302726746
9,217.0658495426178
10,145.71600699424744
11,107.64856481552124
12,210.25681066513062
13,239.5330708026886
14,277.2187592983246
15,271.1436700820923
16,298.3492784500122
17,348.8712282180786
18,291.10366892814636
19,413.9646899700165
