gen,time
0,66.09371852874756
1,64.98642921447754
2,89.53773093223572
3,109.62502837181091
4,171.60172700881958
5,229.7559096813202
6,191.01996159553528
7,191.74103260040283
8,130.82543349266052
9,109.78539872169495
10,93.90550351142883
11,79.49696946144104
12,82.22379422187805
13,83.5358076095581
14,76.3924081325531
15,144.63890719413757
16,145.9644799232483
17,153.19208669662476
18,258.77071952819824
19,110.02012944221497
