gen,usage
0,411.88671875
1,411.88671875
2,411.88671875
3,411.88671875
4,411.88671875
5,411.88671875
6,411.88671875
7,411.88671875
8,411.9609375
9,412.08203125
10,412.08203125
11,412.08203125
12,412.08203125
13,412.08203125
14,412.08203125
15,412.08203125
16,412.08203125
17,412.08203125
18,412.08203125
19,412.08203125
