gen,usage
0,348.62109375
1,348.62109375
2,348.62109375
3,348.62109375
4,348.62109375
5,348.62109375
6,348.62109375
7,348.62109375
8,348.62109375
9,348.62109375
10,348.62109375
11,348.81640625
12,348.81640625
13,352.64453125
14,352.64453125
15,352.64453125
16,352.64453125
17,352.64453125
18,352.64453125
19,352.64453125
