gen,time
0,55.2993369102478
1,50.402284383773804
2,48.33167004585266
3,117.44034004211426
4,103.20038056373596
5,108.12282466888428
6,152.00042724609375
7,162.0402591228485
8,134.7454183101654
9,256.997230052948
10,213.09846425056458
11,215.1233425140381
12,167.90087604522705
13,307.22129559516907
14,749.2848598957062
15,527.4376771450043
16,336.03614926338196
17,599.690614938736
18,635.2361361980438
19,1033.1459622383118
