gen,time
0,71.99469900131226
1,57.69468426704407
2,108.96093392372131
3,158.75073647499084
4,170.73764038085938
5,193.10346484184265
6,223.36946558952332
7,236.90640258789062
8,228.10496306419373
9,202.09238386154175
10,237.22930884361267
11,219.2977819442749
12,836.6205072402954
13,186.8262255191803
14,259.9002161026001
15,228.6956913471222
16,234.83402276039124
17,209.66718292236328
18,292.8938031196594
19,300.99984431266785
