gen,time
0,61.71103644371033
1,74.8620216846466
2,92.1968641281128
3,118.20940685272217
4,148.82652139663696
5,158.26054644584656
6,139.04048037528992
7,383.37418127059937
8,150.875146150589
9,169.9475269317627
10,159.55198001861572
11,203.33020424842834
12,133.5231170654297
13,556.0046145915985
14,253.96288132667542
15,273.1430022716522
16,225.2425673007965
17,245.27180171012878
18,197.5065996646881
19,206.12210822105408
