gen,time
0,42.51071286201477
1,49.006394147872925
2,91.37805008888245
3,137.4635066986084
4,174.87018013000488
5,201.08228945732117
6,215.39743089675903
7,310.3731520175934
8,278.2033305168152
9,353.8418405056
10,1055.2726891040802
11,333.7656674385071
12,1033.218402147293
13,334.78301429748535
14,302.06582832336426
15,431.9863247871399
16,335.44424986839294
17,301.4553415775299
18,325.8544900417328
19,365.50887799263
