gen,time
0,73.25371503829956
1,98.64650273323059
2,121.44632983207703
3,143.50158071517944
4,101.84022092819214
5,139.79248476028442
6,197.61474227905273
7,260.7086718082428
8,263.40470027923584
9,293.1826431751251
10,687.0103430747986
11,371.9007999897003
12,379.26368379592896
13,303.22458815574646
14,231.65840220451355
15,347.5004131793976
16,312.9068765640259
17,352.8093204498291
18,543.2660851478577
19,333.77806544303894
