gen,time
0,88.7559404373169
1,122.99664831161499
2,125.78877353668213
3,224.50644183158875
4,290.7322106361389
5,223.69330644607544
6,285.83274364471436
7,343.4178719520569
8,370.04545855522156
9,383.0361485481262
10,286.020051240921
11,247.7568781375885
12,293.78863430023193
13,311.2656500339508
14,287.689311504364
15,757.088693857193
16,332.0458631515503
17,259.6505455970764
18,406.58189702033997
19,404.34506726264954
