gen,time
0,43.65963673591614
1,61.41508388519287
2,58.71379637718201
3,128.012953042984
4,204.40426754951477
5,196.74810218811035
6,244.93399810791016
7,283.92936754226685
8,307.34200978279114
9,392.92138051986694
10,513.8429787158966
11,468.25232315063477
12,1123.6880466938019
13,1057.2675468921661
14,417.63940834999084
15,391.0389153957367
16,492.3057231903076
17,376.86199927330017
18,278.5750343799591
19,954.3404760360718
