gen,time
0,54.88202261924744
1,53.7074761390686
2,94.20963954925537
3,113.28091788291931
4,141.0695765018463
5,130.4815948009491
6,175.22834134101868
7,113.50794696807861
8,109.26051735877991
9,156.68478155136108
10,126.86874628067017
11,148.86853456497192
12,253.95645189285278
13,161.10382556915283
14,183.1880431175232
15,140.33458137512207
16,175.05217146873474
17,170.13976740837097
18,770.0886995792389
19,199.1342957019806
