gen,usage
0,406.7890625
1,406.7890625
2,406.7890625
3,406.7890625
4,406.7890625
5,406.7890625
6,406.7890625
7,406.7890625
8,406.7890625
9,406.7890625
10,406.7890625
11,406.7890625
12,406.7890625
13,406.7890625
14,406.7890625
15,406.7890625
16,406.7890625
17,406.7890625
18,406.7890625
19,406.7890625
