gen,time
0,72.89972114562988
1,87.73827171325684
2,111.9773461818695
3,182.1231062412262
4,193.26877427101135
5,216.081529378891
6,233.51453018188477
7,255.7904942035675
8,330.2191779613495
9,358.3032922744751
10,309.9807462692261
11,371.11865997314453
12,355.8321793079376
13,309.0928010940552
14,368.83475255966187
15,399.1919984817505
16,242.32754564285278
17,235.08819794654846
18,232.1705322265625
19,254.37182092666626
