gen,time
0,39.12544107437134
1,30.366668224334717
2,65.74728274345398
3,68.99568152427673
4,89.694908618927
5,104.97475075721741
6,109.27970790863037
7,127.12092113494873
8,153.66691827774048
9,173.17880535125732
10,172.47861576080322
11,203.47572684288025
12,227.68891835212708
13,186.38260507583618
14,160.43202662467957
15,172.11574816703796
16,154.36063027381897
17,177.1509404182434
18,177.57879734039307
19,147.85100293159485
