gen,time
0,53.226598501205444
1,24.97690987586975
2,80.09655809402466
3,456.5134768486023
4,147.63460063934326
5,188.96986413002014
6,142.77557396888733
7,129.48368430137634
8,132.5326337814331
9,94.48004531860352
10,138.11809849739075
11,87.40924644470215
12,140.6218466758728
13,141.05704760551453
14,231.187194108963
15,221.63458251953125
16,258.6174056529999
17,282.18355774879456
18,863.0549128055573
19,184.73586583137512
