gen,time
0,55.546690702438354
1,86.7878909111023
2,178.08309626579285
3,183.52151155471802
4,152.81886959075928
5,169.96106934547424
6,209.75548481941223
7,225.1757366657257
8,199.39841437339783
9,205.86651301383972
10,222.66203117370605
11,526.4146819114685
12,160.15280485153198
13,172.40820169448853
14,117.84103059768677
15,108.67777705192566
16,110.43341374397278
17,124.8840560913086
18,114.07946372032166
19,124.0460422039032
