gen,time
0,56.04348874092102
1,174.53168511390686
2,178.14681220054626
3,252.1042833328247
4,322.8645119667053
5,241.77402210235596
6,204.238272190094
7,155.94619607925415
8,179.57189965248108
9,203.5296025276184
10,265.25265431404114
11,240.9984908103943
12,326.8496952056885
13,258.67892813682556
14,300.45345306396484
15,261.4196627140045
16,253.68930196762085
17,248.75540041923523
18,259.4752209186554
19,296.9313259124756
