gen,time
0,33.09663987159729
1,45.46390628814697
2,64.84484577178955
3,87.06137871742249
4,130.73068714141846
5,138.3961319923401
6,174.22868490219116
7,218.40752577781677
8,263.82784366607666
9,245.18429374694824
10,363.12704944610596
11,449.4751522541046
12,330.2217128276825
13,338.41145873069763
14,245.26382780075073
15,264.59153008461
16,275.5510275363922
17,235.46132445335388
18,274.84779357910156
19,332.09117889404297
