gen,time
0,83.76938343048096
1,65.02322506904602
2,107.78938794136047
3,176.3883593082428
4,220.7115776538849
5,238.6115698814392
6,270.4216420650482
7,286.94639134407043
8,266.5308599472046
9,273.78462433815
10,343.9926254749298
11,314.58786273002625
12,275.5019817352295
13,360.116553068161
14,431.9433825016022
15,331.48276710510254
16,1065.4763202667236
17,1077.0451261997223
18,989.9114804267883
19,385.01768374443054
