gen,time
0,69.10556817054749
1,116.23576426506042
2,143.72779083251953
3,137.9659469127655
4,159.56044554710388
5,224.32570672035217
6,229.87883114814758
7,202.78489995002747
8,140.82730293273926
9,86.84487843513489
10,55.84972333908081
11,57.180240631103516
12,73.47574877738953
13,65.30984115600586
14,46.23661255836487
15,59.07397127151489
16,34.43920660018921
17,69.77055287361145
18,69.5462396144867
19,106.94061732292175
