gen,usage
0,412.81640625
1,412.81640625
2,412.81640625
3,412.81640625
4,412.81640625
5,412.81640625
6,412.81640625
7,412.81640625
8,412.81640625
9,412.81640625
10,412.81640625
11,412.81640625
12,412.81640625
13,412.81640625
14,412.81640625
15,412.81640625
16,412.81640625
17,412.81640625
18,412.81640625
19,412.81640625
