gen,usage
0,285.63671875
1,285.63671875
2,285.63671875
3,285.63671875
4,285.63671875
5,285.63671875
6,285.63671875
7,285.63671875
8,285.63671875
9,285.63671875
10,285.63671875
11,285.63671875
12,285.63671875
13,285.63671875
14,285.63671875
15,285.63671875
16,285.63671875
17,285.63671875
18,285.63671875
19,285.63671875
