gen,time
0,40.30657601356506
1,67.36605191230774
2,78.21848630905151
3,107.32168507575989
4,223.29113817214966
5,170.36248922348022
6,99.6543505191803
7,92.16373419761658
8,117.22752809524536
9,137.22898125648499
10,155.33845043182373
11,98.61180639266968
12,122.29186177253723
13,92.68312120437622
14,113.26383805274963
15,121.28163552284241
16,111.49492955207825
17,148.96585488319397
18,112.7992684841156
19,94.15192461013794
