gen,time
0,30.686412811279297
1,42.868112087249756
2,84.91649889945984
3,84.89361429214478
4,112.05456757545471
5,148.71183395385742
6,98.48807501792908
7,86.66380190849304
8,126.09466671943665
9,122.43479084968567
10,126.31260848045349
11,154.65545845031738
12,128.60794281959534
13,160.97687292099
14,152.43120431900024
15,134.5840380191803
16,131.81000137329102
17,122.09483075141907
18,93.55646467208862
19,125.83265781402588
