gen,usage
0,347.50390625
1,347.50390625
2,347.50390625
3,347.50390625
4,347.50390625
5,347.50390625
6,347.50390625
7,347.50390625
8,347.50390625
9,347.50390625
10,347.50390625
11,347.50390625
12,299.453125
13,299.453125
14,299.45703125
15,299.45703125
16,299.45703125
17,299.45703125
18,299.45703125
19,299.45703125
