gen,time
0,86.8640673160553
1,77.30399513244629
2,123.09052109718323
3,165.7751853466034
4,233.8056321144104
5,232.05817651748657
6,273.0235469341278
7,319.36035656929016
8,327.48042464256287
9,574.4215829372406
10,963.318062543869
11,1116.117921590805
12,493.1185522079468
13,579.2448010444641
14,1088.9699988365173
15,522.5836951732635
16,462.1744360923767
17,1053.8966252803802
18,602.4821021556854
19,854.7118535041809
