gen,time
0,95.61597442626953
1,166.4362919330597
2,137.01903295516968
3,294.1546883583069
4,243.26539540290833
5,169.17873740196228
6,193.92269206047058
7,191.67577838897705
8,195.79362678527832
9,219.00148844718933
10,198.10785508155823
11,268.4061143398285
12,236.6991364955902
13,273.5104570388794
14,185.88147830963135
15,181.30481505393982
16,220.7103157043457
17,169.00122165679932
18,186.2710247039795
19,168.53284907341003
