gen,time
0,92.8774003982544
1,105.58299398422241
2,165.56991386413574
3,192.76949405670166
4,177.4226791858673
5,246.68071937561035
6,231.94424557685852
7,241.7896454334259
8,313.74644708633423
9,375.3338100910187
10,374.88392877578735
11,375.5469238758087
12,425.1504204273224
13,461.9684274196625
14,380.89862871170044
15,385.8001501560211
16,359.7459316253662
17,405.12817096710205
18,491.5564343929291
19,505.6541094779968
