gen,time
0,66.2757797241211
1,60.97467494010925
2,100.02226829528809
3,156.42739725112915
4,206.6617043018341
5,186.6494266986847
6,182.39400839805603
7,170.61448645591736
8,226.93997049331665
9,247.4071364402771
10,209.23606991767883
11,230.0913906097412
12,179.7955539226532
13,126.72467923164368
14,125.92377781867981
15,100.56019401550293
16,97.21286344528198
17,94.55743622779846
18,124.78427362442017
19,542.3533058166504
