gen,time
0,84.34592747688293
1,122.07358121871948
2,346.8809320926666
3,204.6576864719391
4,213.23553323745728
5,211.96540212631226
6,203.64156866073608
7,195.1770887374878
8,272.71360540390015
9,230.43763518333435
10,255.36824440956116
11,230.232754945755
12,199.7037856578827
13,222.83431339263916
14,195.89800882339478
15,243.3128604888916
16,261.2221579551697
17,233.7294180393219
18,252.47372221946716
19,286.0790605545044
