gen,time
0,52.542205810546875
1,50.73806023597717
2,124.36789155006409
3,121.73859190940857
4,132.88526034355164
5,116.76323938369751
6,206.83245468139648
7,183.18207120895386
8,186.9620704650879
9,189.32147526741028
10,189.3608956336975
11,211.40979599952698
12,245.64276385307312
13,212.24072813987732
14,221.5926022529602
15,154.70291996002197
16,135.84320330619812
17,644.2480590343475
18,171.70939588546753
19,171.63361644744873
