gen,usage
0,344.19140625
1,344.19140625
2,344.19140625
3,344.19140625
4,344.19140625
5,344.19140625
6,344.19140625
7,344.19140625
8,344.19140625
9,344.19140625
10,344.19140625
11,344.19140625
12,344.19140625
13,344.19140625
14,344.19140625
15,344.19140625
16,344.19140625
17,344.19140625
18,344.20703125
19,344.20703125
