gen,time
0,47.92696022987366
1,92.40930795669556
2,165.97353720664978
3,208.12940549850464
4,192.8313765525818
5,138.1566767692566
6,167.11392164230347
7,171.80150532722473
8,198.4194414615631
9,283.88065218925476
10,254.11100220680237
11,248.99028611183167
12,268.97754287719727
13,287.25988149642944
14,293.5888178348541
15,444.1652264595032
16,380.93915152549744
17,499.34212493896484
18,577.4488234519958
19,479.39872694015503
