gen,time
0,69.16886019706726
1,93.46123099327087
2,164.18359661102295
3,199.7252712249756
4,238.79967379570007
5,289.5216727256775
6,331.7537405490875
7,292.27293848991394
8,264.64211344718933
9,248.00666546821594
10,303.29743099212646
11,207.61114072799683
12,238.41760778427124
13,310.614018201828
14,261.08485531806946
15,436.0631024837494
16,276.0381808280945
17,156.66169619560242
18,167.18493223190308
19,166.36518836021423
