gen,time
0,80.35510993003845
1,79.49205565452576
2,135.28425526618958
3,139.73142051696777
4,121.39147233963013
5,110.7803590297699
6,118.89306950569153
7,160.54452991485596
8,150.1102056503296
9,103.53339314460754
10,187.58934092521667
11,133.0603289604187
12,552.3239090442657
13,293.65790820121765
14,85.02091932296753
15,259.5125381946564
16,271.76728558540344
17,315.9017550945282
18,276.5282690525055
19,213.80400133132935
