gen,time
0,92.44442462921143
1,73.46401906013489
2,114.81030344963074
3,204.1484568119049
4,251.52152943611145
5,275.13361716270447
6,343.1928298473358
7,274.48489117622375
8,232.00400471687317
9,289.80056405067444
10,286.0264823436737
11,331.9995572566986
12,362.44481468200684
13,443.1686532497406
14,399.77840518951416
15,492.57561802864075
16,343.7059750556946
17,294.2463939189911
18,336.1568720340729
19,332.2812888622284
