gen,time
0,41.357439041137695
1,44.5188148021698
2,59.037636041641235
3,82.91508769989014
4,93.63107562065125
5,103.91374683380127
6,72.18732357025146
7,62.19135808944702
8,134.6387197971344
9,151.97465991973877
10,208.08570909500122
11,135.8231258392334
12,232.24567794799805
13,263.397353887558
14,328.2073450088501
15,1042.203135251999
16,453.4235336780548
17,367.10002636909485
18,359.57154750823975
19,342.9200768470764
