gen,time
0,60.20027303695679
1,46.93557357788086
2,48.21955227851868
3,98.33817958831787
4,66.65548992156982
5,97.54461765289307
6,130.49942255020142
7,199.04927778244019
8,181.9774158000946
9,215.0828251838684
10,174.8283200263977
11,200.26692128181458
12,159.09885501861572
13,217.04251384735107
14,207.54646754264832
15,191.68771767616272
16,192.8247573375702
17,208.27265524864197
18,249.69582319259644
19,251.84360671043396
