gen,usage
0,363.1875
1,363.1875
2,363.1875
3,363.1875
4,363.1875
5,363.1875
6,363.1875
7,363.1875
8,363.1875
9,363.1875
10,363.1875
11,363.1875
12,363.1875
13,363.1875
14,363.1875
15,363.1875
16,346.87109375
17,346.87109375
18,346.87109375
19,346.87109375
