gen,time
0,40.97766137123108
1,41.01868510246277
2,49.505271434783936
3,124.98064517974854
4,132.86661839485168
5,145.14142513275146
6,143.97594666481018
7,92.69637203216553
8,122.68703556060791
9,113.36377096176147
10,148.6312117576599
11,107.96748399734497
12,88.32237672805786
13,101.33390688896179
14,106.82484889030457
15,135.41845321655273
16,136.45990991592407
17,105.2217264175415
18,113.03046441078186
19,121.84500813484192
