gen,time
0,56.72831416130066
1,68.71717596054077
2,82.90649080276489
3,128.09815764427185
4,108.3456199169159
5,161.46205973625183
6,139.32446575164795
7,135.098694562912
8,186.52690148353577
9,174.28750610351562
10,251.157470703125
11,196.18456196784973
12,210.50590300559998
13,278.47805619239807
14,194.50556707382202
15,828.081072807312
16,194.83774209022522
17,133.97193455696106
18,100.94186615943909
19,125.20693159103394
