gen,time
0,43.62994432449341
1,53.418588161468506
2,100.73997402191162
3,166.71525073051453
4,159.2284712791443
5,204.37204456329346
6,143.14692330360413
7,143.5927357673645
8,156.2283091545105
9,172.9338459968567
10,835.5926101207733
11,854.0142941474915
12,257.76042771339417
13,299.16437315940857
14,763.6161589622498
15,460.94971108436584
16,326.6548626422882
17,278.069189786911
18,433.0126588344574
19,1003.5400936603546
