gen,time
0,64.51522636413574
1,73.64733600616455
2,113.6777560710907
3,167.24430918693542
4,246.20270347595215
5,267.2484202384949
6,355.551255941391
7,292.5290904045105
8,314.63125228881836
9,315.0584862232208
10,324.71448493003845
11,429.26130986213684
12,304.783935546875
13,348.69193816185
14,425.40165877342224
15,381.1903591156006
16,330.70676946640015
17,308.570818901062
18,386.04816699028015
19,475.12880420684814
