gen,time
0,82.38527703285217
1,79.7540340423584
2,133.94768166542053
3,128.63580083847046
4,137.9269618988037
5,193.12428784370422
6,110.47398352622986
7,212.0570068359375
8,192.49919199943542
9,226.47517585754395
10,213.0560712814331
11,271.14912009239197
12,188.98191261291504
13,300.83803153038025
14,340.4035396575928
15,270.0251553058624
16,259.0898697376251
17,313.8382019996643
18,384.70039987564087
19,435.1115641593933
