gen,time
0,50.8340950012207
1,70.84883284568787
2,94.32897758483887
3,107.36262440681458
4,155.47815370559692
5,144.26618456840515
6,111.01340222358704
7,136.8353877067566
8,92.00975370407104
9,77.77086806297302
10,112.86234331130981
11,493.53919649124146
12,152.51883554458618
13,72.85296201705933
14,94.70895838737488
15,105.19112515449524
16,159.3820869922638
17,115.19789719581604
18,185.239027261734
19,158.22778868675232
