gen,time
0,83.04722380638123
1,54.59838509559631
2,88.11866998672485
3,192.23771381378174
4,204.18013668060303
5,211.20534420013428
6,191.59611988067627
7,206.92929935455322
8,232.70257925987244
9,274.8982570171356
10,246.21407222747803
11,268.71871638298035
12,230.2376275062561
13,300.2734019756317
14,972.8957824707031
15,480.42249059677124
16,502.8811128139496
17,422.2353389263153
18,522.8476912975311
19,1400.8483669757843
