gen,time
0,46.49155068397522
1,62.13891291618347
2,108.15550684928894
3,181.95555686950684
4,190.0188672542572
5,250.07405281066895
6,154.1865360736847
7,197.772558927536
8,209.5987582206726
9,198.58789563179016
10,363.8419015407562
11,267.061066865921
12,344.27560472488403
13,281.0076994895935
14,343.92912244796753
15,558.8567931652069
16,971.3413858413696
17,401.9287679195404
18,974.5005297660828
19,534.122626543045
