gen,usage
0,378.1328125
1,378.1328125
2,378.1328125
3,378.1328125
4,378.1328125
5,378.1328125
6,378.1328125
7,378.1328125
8,378.1328125
9,378.1328125
10,378.1328125
11,378.1328125
12,379.21875
13,379.21875
14,379.21875
15,379.21875
16,379.21875
17,379.21875
18,379.21875
19,379.21875
