gen,time
0,42.31468725204468
1,52.74977517127991
2,91.746173620224
3,117.05991125106812
4,183.44056272506714
5,138.6238136291504
6,145.40324902534485
7,171.14610695838928
8,165.1385679244995
9,166.49479985237122
10,238.07644629478455
11,301.7509558200836
12,346.7909560203552
13,393.2514510154724
14,386.6719422340393
15,282.48888635635376
16,272.4683983325958
17,341.4334008693695
18,949.946249961853
19,435.3849227428436
