gen,time
0,63.61761021614075
1,81.92447590827942
2,117.3598804473877
3,185.92834162712097
4,256.5299756526947
5,187.4045865535736
6,149.55132961273193
7,171.4420976638794
8,142.6344964504242
9,156.503276348114
10,164.06261277198792
11,148.5891773700714
12,170.7673304080963
13,308.09741377830505
14,314.3934931755066
15,661.6273267269135
16,145.99619150161743
17,164.4053349494934
18,245.06179809570312
19,215.2103796005249
