gen,time
0,65.1104347705841
1,76.5461356639862
2,81.14723563194275
3,166.8246247768402
4,157.87152528762817
5,129.84140753746033
6,213.82734417915344
7,176.419251203537
8,227.10374689102173
9,252.04298615455627
10,318.8571569919586
11,283.12764501571655
12,280.0491259098053
13,237.4033980369568
14,703.6232237815857
15,295.273885011673
16,198.604994058609
17,142.74444961547852
18,176.2587263584137
19,150.97473073005676
