gen,time
0,48.69239950180054
1,43.61889719963074
2,59.31641697883606
3,100.90028977394104
4,166.47747325897217
5,189.7316586971283
6,209.28686904907227
7,173.7236647605896
8,228.5175905227661
9,168.06309485435486
10,175.81130743026733
11,196.4876594543457
12,155.31131148338318
13,180.7243468761444
14,219.94899082183838
15,215.33884525299072
16,224.31830549240112
17,375.94274950027466
18,229.49552607536316
19,215.94129705429077
