gen,time
0,49.23082423210144
1,75.60359144210815
2,83.59674143791199
3,161.07803893089294
4,159.24018263816833
5,146.82575368881226
6,193.79192996025085
7,185.98970007896423
8,140.62424993515015
9,164.02241158485413
10,253.69662380218506
11,203.47011828422546
12,193.0445852279663
13,184.1124119758606
14,343.0275671482086
15,492.1991996765137
16,246.27050518989563
17,305.4274353981018
18,350.6092827320099
19,344.1141617298126
