gen,time
0,61.220520973205566
1,65.57360100746155
2,106.20635271072388
3,153.25032901763916
4,107.79585695266724
5,145.22989344596863
6,160.08091497421265
7,173.84061932563782
8,181.9990463256836
9,267.5075294971466
10,241.11849641799927
11,938.7669169902802
12,359.5807704925537
13,375.7920114994049
14,861.7790768146515
15,644.4228782653809
16,1247.5385310649872
17,1713.4160413742065
18,816.3687448501587
19,807.6900672912598
