gen,time
0,42.60872292518616
1,62.41639161109924
2,86.64453434944153
3,97.63183236122131
4,89.88953709602356
5,155.65694761276245
6,154.0416145324707
7,173.89324021339417
8,164.59241390228271
9,166.96027660369873
10,191.45430183410645
11,160.99768805503845
12,235.90420579910278
13,214.0391285419464
14,292.0648765563965
15,157.3381233215332
16,191.81364178657532
17,167.54334926605225
18,196.8770248889923
19,272.3660180568695
