gen,usage
0,312.12890625
1,312.12890625
2,312.12890625
3,312.12890625
4,312.12890625
5,312.12890625
6,312.12890625
7,312.12890625
8,312.296875
9,312.296875
10,312.296875
11,312.296875
12,312.296875
13,312.296875
14,312.296875
15,312.296875
16,312.296875
17,312.296875
18,312.296875
19,312.296875
