gen,time
0,77.71002411842346
1,124.82824206352234
2,162.50152945518494
3,185.2585687637329
4,149.46703171730042
5,271.09084463119507
6,225.67778706550598
7,253.50188755989075
8,301.9055757522583
9,492.68524980545044
10,665.1379625797272
11,810.5000197887421
12,752.4202768802643
13,1000.6278364658356
14,1496.4363782405853
15,831.7804489135742
16,787.9759645462036
17,812.7844440937042
18,531.0409789085388
19,842.4144134521484
