gen,time
0,93.72028541564941
1,227.48816108703613
2,166.2622833251953
3,133.07365679740906
4,142.21542525291443
5,128.3464798927307
6,125.31715822219849
7,134.13057851791382
8,128.13289260864258
9,123.34537696838379
10,156.41757464408875
11,215.50285077095032
12,192.99826860427856
13,218.36229157447815
14,500.47547030448914
15,211.28557968139648
16,221.93874502182007
17,247.07638931274414
18,746.12770819664
19,614.0189270973206
