gen,time
0,36.8658082485199
1,57.39939737319946
2,148.49599933624268
3,185.00392150878906
4,112.49582147598267
5,89.44612622261047
6,78.71533370018005
7,193.71972584724426
8,86.74696803092957
9,180.22771453857422
10,235.89820647239685
11,291.6203947067261
12,237.48433232307434
13,283.5193245410919
14,221.43878960609436
15,220.49885034561157
16,251.23940014839172
17,197.21001505851746
18,148.04214692115784
19,220.89979338645935
