gen,time
0,102.86590361595154
1,107.55022144317627
2,121.802419424057
3,90.3206057548523
4,97.2188093662262
5,91.9755163192749
6,90.42282009124756
7,111.1344563961029
8,66.16322588920593
9,83.39291644096375
10,88.07558393478394
11,127.31447649002075
12,72.76536750793457
13,120.90828371047974
14,120.98289966583252
15,155.27700281143188
16,143.60023999214172
17,116.15957355499268
18,141.57812118530273
19,148.94386839866638
