gen,time
0,80.99910259246826
1,134.58286786079407
2,228.9476010799408
3,355.7206470966339
4,416.405611038208
5,396.795282125473
6,224.5387668609619
7,463.58346724510193
8,427.50653862953186
9,408.8364152908325
10,288.499210357666
11,517.503574848175
12,446.09800481796265
13,617.8524911403656
14,462.7130250930786
15,558.3010919094086
16,514.8771431446075
17,564.8026728630066
18,613.0700743198395
19,685.7569317817688
