gen,usage
0,397.671875
1,397.671875
2,397.671875
3,397.671875
4,397.671875
5,397.671875
6,397.671875
7,397.671875
8,399.14453125
9,399.14453125
10,399.14453125
11,399.14453125
12,399.14453125
13,399.14453125
14,399.14453125
15,399.14453125
16,399.14453125
17,399.14453125
18,399.14453125
19,399.14453125
