gen,usage
0,374.96484375
1,374.96484375
2,374.96484375
3,374.96484375
4,374.96484375
5,374.96484375
6,374.96484375
7,374.96484375
8,374.96484375
9,374.96484375
10,374.96484375
11,374.96484375
12,374.96484375
13,374.96484375
14,374.96484375
15,374.96484375
16,374.96484375
17,374.96484375
18,374.96484375
19,374.96484375
