gen,time
0,78.50452303886414
1,53.43570303916931
2,50.67177200317383
3,113.01752281188965
4,115.38265013694763
5,141.02267575263977
6,131.41195368766785
7,154.10797381401062
8,159.23143482208252
9,216.88207387924194
10,189.79713678359985
11,263.54072976112366
12,353.79719948768616
13,364.3405387401581
14,435.29194474220276
15,437.17054891586304
16,410.8907594680786
17,1107.388735294342
18,773.3980128765106
19,949.3306469917297
