gen,time
0,36.927547454833984
1,39.43232750892639
2,72.77974534034729
3,60.00078344345093
4,64.83945059776306
5,77.0358612537384
6,84.06648659706116
7,79.58151960372925
8,82.37083005905151
9,149.07869935035706
10,79.41909384727478
11,80.52602076530457
12,67.48355960845947
13,93.9106068611145
14,206.82915878295898
15,124.57329368591309
16,118.24277544021606
17,526.804963350296
18,297.9341330528259
19,139.38897037506104
