gen,time
0,35.97113752365112
1,56.34486150741577
2,113.88177919387817
3,95.16913104057312
4,239.09520936012268
5,254.39129757881165
6,235.45004773139954
7,216.82596969604492
8,225.2541196346283
9,268.6058933734894
10,305.9092855453491
11,313.7044017314911
12,378.2875773906708
13,353.87131690979004
14,324.30015301704407
15,290.0823607444763
16,371.30417346954346
17,382.353483915329
18,311.3836455345154
19,285.89764380455017
