gen,time
0,59.60887384414673
1,54.615140199661255
2,100.69010400772095
3,125.62848353385925
4,222.45211458206177
5,227.1375892162323
6,190.87604641914368
7,157.7977957725525
8,192.07106590270996
9,106.95576810836792
10,111.33960890769958
11,80.83745503425598
12,119.55876421928406
13,347.01467776298523
14,137.96492385864258
15,89.91564512252808
16,147.59398555755615
17,201.39172959327698
18,249.611896276474
19,598.7942304611206
