gen,time
0,59.89038848876953
1,137.71020245552063
2,141.9051058292389
3,248.407484292984
4,238.51252245903015
5,334.00300765037537
6,295.74191069602966
7,336.8241808414459
8,418.4346525669098
9,364.54008078575134
10,321.6420683860779
11,380.2976381778717
12,456.1841928958893
13,1103.2718350887299
14,522.7315521240234
15,522.6477017402649
16,450.89515709877014
17,554.3565645217896
18,444.20976281166077
19,519.747478723526
