gen,time
0,45.41284775733948
1,41.693138122558594
2,50.829461336135864
3,72.69144701957703
4,133.9405403137207
5,125.68163061141968
6,151.0620195865631
7,107.46314144134521
8,74.00299048423767
9,94.19079518318176
10,91.66968107223511
11,293.8087532520294
12,93.10743999481201
13,113.03223729133606
14,115.02026748657227
15,137.8839888572693
16,367.1793122291565
17,655.031069278717
18,144.59854078292847
19,589.1890785694122
