gen,time
0,43.14507579803467
1,35.59074258804321
2,59.7522714138031
3,39.58219528198242
4,62.450616121292114
5,91.64342713356018
6,53.22261357307434
7,133.30804800987244
8,109.29570937156677
9,116.67109227180481
10,68.78089332580566
11,54.68795657157898
12,82.81070470809937
13,133.81493949890137
14,124.37356042861938
15,202.56538653373718
16,310.3207788467407
17,205.6596245765686
18,341.76201486587524
19,337.83769154548645
