gen,time
0,54.577900409698486
1,98.331463098526
2,106.77273678779602
3,168.98686337471008
4,205.77967524528503
5,237.13088274002075
6,198.28596234321594
7,235.79430961608887
8,294.0514290332794
9,200.3343870639801
10,410.0978693962097
11,501.0959641933441
12,472.0100522041321
13,390.34155011177063
14,432.15526485443115
15,891.792854309082
16,302.240731716156
17,557.7428612709045
18,1008.0140910148621
19,501.85753059387207
