gen,time
0,44.51886034011841
1,39.74599647521973
2,90.40483212471008
3,121.23985385894775
4,146.9887671470642
5,152.32527446746826
6,158.83191537857056
7,138.22915077209473
8,153.9414074420929
9,121.02681040763855
10,120.1384973526001
11,111.93447923660278
12,134.38866567611694
13,171.1757457256317
14,194.96129155158997
15,199.68346405029297
16,212.49913144111633
17,280.47432494163513
18,480.8803482055664
19,476.632116317749
