gen,time
0,49.46848154067993
1,94.58327841758728
2,180.57361698150635
3,245.14620780944824
4,271.4212815761566
5,357.39130568504333
6,371.2138259410858
7,359.42912912368774
8,348.08594393730164
9,322.5478503704071
10,535.7692949771881
11,278.4675552845001
12,300.62305784225464
13,299.7581386566162
14,270.1437723636627
15,1471.9751336574554
16,496.296071767807
17,309.8885555267334
18,317.00269079208374
19,337.53114342689514
