gen,time
0,56.328330278396606
1,75.7945613861084
2,102.7716612815857
3,598.3355710506439
4,180.89617204666138
5,198.8572542667389
6,162.67640829086304
7,166.6669261455536
8,171.38009119033813
9,227.80752038955688
10,222.5364589691162
11,235.79570841789246
12,273.84892320632935
13,318.14226627349854
14,319.21713042259216
15,324.70728302001953
16,694.1371788978577
17,322.3950824737549
18,355.5103759765625
19,974.1086204051971
