gen,time
0,47.05938673019409
1,73.30030870437622
2,64.62916779518127
3,130.32209944725037
4,151.72726798057556
5,120.58480882644653
6,116.99529123306274
7,153.80976271629333
8,182.63954162597656
9,133.12370944023132
10,146.13983917236328
11,111.16176056861877
12,123.32826781272888
13,111.72993350028992
14,97.69536471366882
15,118.10644054412842
16,121.99549722671509
17,145.69441437721252
18,146.37097311019897
19,566.4523587226868
