gen,usage
0,377.11328125
1,377.11328125
2,377.11328125
3,377.11328125
4,377.11328125
5,377.11328125
6,377.11328125
7,377.11328125
8,377.11328125
9,377.11328125
10,377.11328125
11,377.11328125
12,377.11328125
13,377.11328125
14,377.11328125
15,377.11328125
16,377.11328125
17,377.11328125
18,377.11328125
19,377.11328125
