gen,time
0,64.87447023391724
1,73.59477663040161
2,98.40595245361328
3,160.19538378715515
4,178.581933259964
5,147.96338558197021
6,171.10748934745789
7,230.24221563339233
8,196.07594799995422
9,175.4238977432251
10,175.33337140083313
11,185.75810146331787
12,234.13213562965393
13,208.2536027431488
14,182.52721047401428
15,674.8778710365295
16,267.5094177722931
17,197.37485694885254
18,251.42940759658813
19,210.64587950706482
