gen,time
0,40.800883769989014
1,69.81588840484619
2,110.26705265045166
3,106.09889507293701
4,211.46831583976746
5,187.65208840370178
6,436.92566204071045
7,212.5156478881836
8,149.25982308387756
9,195.68253087997437
10,193.00842714309692
11,157.68260717391968
12,412.5503213405609
13,114.75687527656555
14,139.4411015510559
15,621.7091977596283
16,240.3393678665161
17,797.6392159461975
18,186.66758036613464
19,175.86877036094666
