gen,time
0,70.05189990997314
1,69.498526096344
2,132.4966516494751
3,183.18760108947754
4,164.3649444580078
5,236.385320186615
6,287.625657081604
7,285.2701952457428
8,279.1756980419159
9,206.51810431480408
10,154.10755348205566
11,155.4564447402954
12,109.68101143836975
13,124.43333506584167
14,530.0927617549896
15,167.64668726921082
16,171.69366192817688
17,154.29325652122498
18,137.77986645698547
19,167.36283421516418
