gen,time
0,55.97742962837219
1,57.31563854217529
2,101.23343324661255
3,94.23330307006836
4,110.52533054351807
5,175.52333164215088
6,103.50003743171692
7,115.62923216819763
8,152.94022846221924
9,161.92100405693054
10,128.97866463661194
11,166.8185636997223
12,174.53149390220642
13,153.46253752708435
14,277.0761911869049
15,99.85221862792969
16,442.3867630958557
17,196.2970151901245
18,902.6913168430328
19,328.5528824329376
