gen,time
0,38.014981508255005
1,34.853670835494995
2,61.023773193359375
3,78.63844180107117
4,119.89395952224731
5,134.4822437763214
6,235.29989790916443
7,214.22140836715698
8,223.6624948978424
9,256.95164942741394
10,343.3240249156952
11,382.49081659317017
12,367.79570841789246
13,389.1778554916382
14,384.1303517818451
15,399.74852561950684
16,305.93365144729614
17,382.68292593955994
18,391.52170419692993
19,410.94526982307434
