gen,time
0,96.05628323554993
1,75.05508470535278
2,144.5915765762329
3,134.5895175933838
4,106.24147582054138
5,176.07968735694885
6,132.4858968257904
7,157.0228202342987
8,199.56214714050293
9,228.19868063926697
10,276.0656681060791
11,297.300546169281
12,243.0649631023407
13,278.35061287879944
14,891.734210729599
15,418.4316623210907
16,373.5146243572235
17,365.55147886276245
18,340.1338415145874
19,357.493248462677
