gen,time
0,64.30159783363342
1,85.54259419441223
2,143.43847036361694
3,202.5977954864502
4,206.270681142807
5,197.09345126152039
6,173.64131331443787
7,543.9841947555542
8,98.16402387619019
9,94.83491849899292
10,89.69510746002197
11,97.22677636146545
12,79.76130962371826
13,384.93748688697815
14,77.28291535377502
15,146.68068027496338
16,105.66453838348389
17,117.75207328796387
18,122.6343765258789
19,479.0591688156128
