gen,time
0,81.94207835197449
1,45.84404706954956
2,124.13222408294678
3,189.00261759757996
4,139.58344054222107
5,177.3070604801178
6,198.0253586769104
7,158.04775047302246
8,166.2042224407196
9,147.18355870246887
10,139.88481330871582
11,138.35564661026
12,125.69063782691956
13,81.38398003578186
14,95.63328337669373
15,198.51573848724365
16,148.03556394577026
17,224.53422617912292
18,174.304345369339
19,337.8032331466675
