gen,usage
0,419.96484375
1,419.96484375
2,419.96484375
3,419.96484375
4,419.96484375
5,419.96484375
6,419.96484375
7,419.96484375
8,419.96484375
9,419.96484375
10,419.96484375
11,419.96484375
12,419.96484375
13,419.96484375
14,419.96484375
15,419.96484375
16,419.96484375
17,419.96484375
18,419.96484375
19,419.96484375
