gen,time
0,203.07345628738403
1,100.11486196517944
2,182.74594974517822
3,265.02801060676575
4,212.62003684043884
5,259.31917667388916
6,347.24768233299255
7,239.3397731781006
8,283.56323885917664
9,305.3919675350189
10,333.057368516922
11,313.4691197872162
12,293.79933881759644
13,371.5200412273407
14,364.4286530017853
15,319.2761263847351
16,1062.0043580532074
17,306.2391104698181
18,1589.593228816986
19,1032.8603310585022
