gen,time
0,47.07102179527283
1,58.48832821846008
2,88.97568893432617
3,131.22204208374023
4,175.39669823646545
5,188.98824977874756
6,166.18486380577087
7,171.74071097373962
8,188.66782021522522
9,218.5111243724823
10,281.25064516067505
11,255.89687490463257
12,295.68298411369324
13,256.18724179267883
14,229.70689582824707
15,208.5860321521759
16,229.6343755722046
17,243.0109269618988
18,269.8683977127075
19,244.61630129814148
