gen,time
0,33.45600390434265
1,50.43639922142029
2,74.50006890296936
3,72.77907252311707
4,96.96147418022156
5,76.48705244064331
6,145.24573302268982
7,159.1644525527954
8,113.00595331192017
9,68.10379385948181
10,126.35078644752502
11,247.76660251617432
12,137.94951725006104
13,300.62168741226196
14,125.77409982681274
15,251.51035904884338
16,235.63894200325012
17,572.1769247055054
18,174.65010499954224
19,339.8639795780182
