gen,time
0,41.21441602706909
1,27.392528295516968
2,107.08734083175659
3,157.8658893108368
4,117.65533423423767
5,71.85913014411926
6,98.42696905136108
7,102.13231921195984
8,97.00914192199707
9,133.89494943618774
10,191.96270632743835
11,128.81561589241028
12,107.1346664428711
13,104.0788893699646
14,384.12997245788574
15,157.84194540977478
16,272.32543540000916
17,232.2823736667633
18,391.1836369037628
19,281.0358202457428
