gen,time
0,46.978156089782715
1,54.943455934524536
2,80.94090938568115
3,145.0404567718506
4,159.44848251342773
5,100.76280069351196
6,93.4472393989563
7,64.1076385974884
8,71.54752254486084
9,80.42831182479858
10,98.16105723381042
11,111.73780584335327
12,121.6976215839386
13,105.97031831741333
14,702.9575188159943
15,104.4115424156189
16,88.8596031665802
17,523.0985941886902
18,115.28497219085693
19,145.4510498046875
