gen,time
0,66.90606474876404
1,60.772433042526245
2,124.80448389053345
3,157.12923383712769
4,155.54463005065918
5,195.84760642051697
6,212.90129494667053
7,152.68217945098877
8,85.09038758277893
9,278.13952684402466
10,81.54177594184875
11,103.67620587348938
12,142.37204813957214
13,173.74138975143433
14,181.20441699028015
15,155.03289318084717
16,199.83253121376038
17,202.95743680000305
18,250.39641451835632
19,322.5430359840393
