gen,time
0,55.36799383163452
1,64.44994974136353
2,693.7968270778656
3,110.30169749259949
4,125.6555552482605
5,312.0509555339813
6,722.2684037685394
7,130.19644260406494
8,216.41348004341125
9,199.11068677902222
10,142.87937831878662
11,253.74748706817627
12,188.72207951545715
13,290.58497190475464
14,252.37908601760864
15,485.5106883049011
16,418.7948534488678
17,301.4227797985077
18,1380.014684677124
19,297.3924310207367
