gen,time
0,39.82971405982971
1,67.23982667922974
2,140.8142032623291
3,192.3640546798706
4,132.74041485786438
5,173.2785816192627
6,153.57799339294434
7,132.8079662322998
8,269.2363750934601
9,155.8085458278656
10,160.09970498085022
11,747.4576811790466
12,215.6215260028839
13,113.80280137062073
14,155.7602996826172
15,193.71552681922913
16,162.87021923065186
17,166.16196298599243
18,636.0233793258667
19,884.6477184295654
