gen,usage
0,407.6015625
1,407.6015625
2,407.6015625
3,407.6015625
4,407.6015625
5,407.6015625
6,407.6015625
7,407.6015625
8,407.6015625
9,407.6015625
10,407.6015625
11,407.6015625
12,407.6015625
13,407.6015625
14,407.6015625
15,407.6015625
16,407.6015625
17,407.6015625
18,407.6015625
19,407.6015625
