gen,time
0,54.73173904418945
1,50.861931562423706
2,86.46425724029541
3,100.71938133239746
4,132.1577754020691
5,194.47727346420288
6,109.87640738487244
7,127.38029837608337
8,163.2257959842682
9,152.53470087051392
10,199.65451312065125
11,173.4991352558136
12,171.47306442260742
13,222.75789284706116
14,269.1014721393585
15,293.4824151992798
16,867.5783414840698
17,256.60924792289734
18,361.15383529663086
19,347.97459745407104
