gen,time
0,43.826475620269775
1,86.23409676551819
2,112.56903147697449
3,135.09449458122253
4,203.68544244766235
5,139.5113706588745
6,226.3748815059662
7,256.5367968082428
8,220.3731381893158
9,217.18262910842896
10,228.69642233848572
11,236.5071816444397
12,438.6778244972229
13,306.4937994480133
14,244.60172057151794
15,298.87682151794434
16,184.12669587135315
17,159.12595677375793
18,160.77507281303406
19,301.8820106983185
