gen,time
0,47.34158992767334
1,61.16121244430542
2,99.1005187034607
3,150.84858512878418
4,234.06295347213745
5,205.39800477027893
6,538.9454679489136
7,235.7820336818695
8,203.98875641822815
9,226.340336561203
10,124.02243256568909
11,110.18876552581787
12,136.25807809829712
13,168.32448482513428
14,168.5801227092743
15,99.46774697303772
16,69.22922110557556
17,53.670119762420654
18,71.42436861991882
19,77.48688983917236
