gen,usage
0,392.375
1,392.375
2,392.375
3,392.375
4,392.375
5,392.375
6,392.375
7,392.375
8,392.375
9,392.375
10,392.375
11,392.375
12,392.37890625
13,392.37890625
14,392.37890625
15,392.3828125
16,392.3828125
17,392.3828125
18,392.3828125
19,392.3828125
