gen,time
0,64.28027105331421
1,54.728755235672
2,92.91918778419495
3,134.65383076667786
4,110.98268818855286
5,184.07782292366028
6,194.77416062355042
7,155.34416937828064
8,198.20058965682983
9,192.59181356430054
10,283.73922181129456
11,857.1758949756622
12,316.89042258262634
13,548.1039352416992
14,512.1919686794281
15,443.93135166168213
16,1048.118720293045
17,1000.7005586624146
18,498.2340772151947
19,849.4270875453949
