gen,time
0,85.5460090637207
1,114.85197591781616
2,170.24977779388428
3,199.28228449821472
4,140.18170738220215
5,91.02701163291931
6,144.24515461921692
7,88.05535697937012
8,72.95778298377991
9,68.7070939540863
10,79.13811540603638
11,117.1530773639679
12,99.45379257202148
13,117.96068572998047
14,93.09525752067566
15,98.130859375
16,140.4812068939209
17,112.66738247871399
18,120.76164197921753
19,144.66659545898438
