gen,time
0,65.02359342575073
1,62.37127351760864
2,99.86973071098328
3,185.70851969718933
4,97.09273266792297
5,207.1018557548523
6,225.38546633720398
7,233.27472925186157
8,385.8824965953827
9,301.78392601013184
10,896.6761033535004
11,322.55496311187744
12,357.9295995235443
13,380.178156375885
14,293.9581172466278
15,387.170334815979
16,397.3425884246826
17,1038.3796260356903
18,358.918564081192
19,1539.8930015563965
