gen,time
0,131.58627271652222
1,131.84058022499084
2,245.0942349433899
3,284.9399962425232
4,282.35094928741455
5,254.24586081504822
6,194.63582396507263
7,246.21935200691223
8,222.04987907409668
9,212.39845275878906
10,244.72221326828003
11,280.4343614578247
12,288.77528619766235
13,300.34139609336853
14,340.2252461910248
15,1044.3601365089417
16,607.3960063457489
17,376.7772946357727
18,943.1093044281006
19,625.7935807704926
