gen,usage
0,345.703125
1,345.703125
2,345.703125
3,345.703125
4,345.703125
5,345.703125
6,345.703125
7,346.69921875
8,346.69921875
9,346.69921875
10,346.6171875
11,376.03125
12,376.03125
13,376.03125
14,376.03125
15,376.03125
16,376.03125
17,376.03125
18,376.03125
19,336.7421875
