gen,time
0,66.68789148330688
1,104.9705719947815
2,146.7915346622467
3,163.1076147556305
4,172.6317801475525
5,157.58830738067627
6,160.91520071029663
7,216.48284554481506
8,181.42818117141724
9,214.15296959877014
10,178.76031255722046
11,191.4355776309967
12,181.5012481212616
13,140.83957242965698
14,118.62777161598206
15,116.84280443191528
16,98.57723331451416
17,109.26222658157349
18,114.58753299713135
19,102.64577794075012
