gen,time
0,138.48741626739502
1,56.19075107574463
2,120.79101800918579
3,163.82633328437805
4,166.91703939437866
5,122.26609468460083
6,316.37191796302795
7,454.30150055885315
8,296.054256439209
9,322.6755039691925
10,747.611971616745
11,804.0198428630829
12,805.4517958164215
13,516.3017284870148
14,1135.9849104881287
15,519.3128576278687
16,478.7814083099365
17,497.90981364250183
18,436.3429021835327
19,366.15741443634033
