gen,time
0,74.02292728424072
1,62.983850955963135
2,100.40173530578613
3,172.03307914733887
4,154.3250060081482
5,187.09056043624878
6,228.46953320503235
7,312.4581813812256
8,196.4552607536316
9,910.245628118515
10,517.9154098033905
11,330.93008375167847
12,433.2213888168335
13,701.9527871608734
14,611.6415140628815
15,760.8243172168732
16,502.28679752349854
17,885.4714210033417
18,835.3305623531342
19,754.2825515270233
