gen,time
0,72.5364420413971
1,87.81753468513489
2,107.39382362365723
3,165.40124368667603
4,205.99236178398132
5,197.86843490600586
6,214.9448881149292
7,224.50853085517883
8,198.13399720191956
9,350.68109345436096
10,350.6331329345703
11,370.7451241016388
12,522.0984442234039
13,940.6895513534546
14,471.9761950969696
15,377.9997048377991
16,373.11598110198975
17,323.2112338542938
18,349.1561417579651
19,360.75581908226013
