gen,time
0,105.82861399650574
1,133.84961605072021
2,163.06937384605408
3,157.3023018836975
4,184.21958255767822
5,190.07636737823486
6,299.9493181705475
7,234.13337659835815
8,183.81225061416626
9,185.28931593894958
10,208.16675662994385
11,482.91842579841614
12,253.06107568740845
13,426.4075756072998
14,389.58023023605347
15,380.2304050922394
16,346.69977045059204
17,723.150068283081
18,500.43127489089966
19,472.44316577911377
