gen,time
0,53.84856820106506
1,84.49565267562866
2,116.59667229652405
3,67.44886302947998
4,99.86470866203308
5,96.13888955116272
6,91.24978518486023
7,113.68307495117188
8,193.15678811073303
9,200.24997186660767
10,396.9924714565277
11,355.95447731018066
12,315.38465452194214
13,501.8113739490509
14,567.1613657474518
15,600.9752016067505
16,511.1402289867401
17,918.3384721279144
18,231.12139105796814
19,286.19036889076233
