gen,time
0,73.00402593612671
1,88.85638523101807
2,117.7209722995758
3,152.18280601501465
4,208.2315742969513
5,131.74986958503723
6,207.51208329200745
7,209.42556190490723
8,200.97333455085754
9,196.7353413105011
10,176.3680717945099
11,184.39939403533936
12,183.22182059288025
13,229.35271549224854
14,229.798419713974
15,236.8400685787201
16,237.18050909042358
17,275.9467964172363
18,296.7921624183655
19,271.9100124835968
