gen,time
0,63.44341540336609
1,53.15731716156006
2,122.96483898162842
3,144.62180995941162
4,137.99166059494019
5,123.35999965667725
6,180.3852162361145
7,184.38727402687073
8,198.13253450393677
9,270.1961579322815
10,193.2890341281891
11,242.92122507095337
12,817.8677101135254
13,302.32085514068604
14,302.2494361400604
15,364.734313249588
16,349.2883720397949
17,466.7529094219208
18,447.4388780593872
19,373.01608204841614
