gen,time
0,65.54142260551453
1,30.08401846885681
2,47.143845319747925
3,68.47623825073242
4,92.21938467025757
5,170.61399865150452
6,190.75598073005676
7,147.205739736557
8,172.19242143630981
9,174.98969316482544
10,172.13606715202332
11,163.43827438354492
12,182.42749619483948
13,135.48796701431274
14,139.62916374206543
15,148.1028335094452
16,448.7353127002716
17,127.87395405769348
18,400.1593539714813
19,152.82396483421326
