gen,usage
0,385.94140625
1,385.94140625
2,385.94140625
3,385.94140625
4,385.94140625
5,385.94140625
6,385.94140625
7,385.94140625
8,385.94140625
9,385.94140625
10,385.94140625
11,385.94140625
12,385.94140625
13,392.92578125
14,392.92578125
15,392.92578125
16,392.92578125
17,392.92578125
18,392.92578125
19,392.92578125
