gen,time
0,77.03135704994202
1,70.32096409797668
2,127.15040254592896
3,173.80847334861755
4,242.65584516525269
5,282.40093779563904
6,249.31757879257202
7,324.17638063430786
8,376.1151406764984
9,338.29311966896057
10,338.48568511009216
11,339.57107758522034
12,496.621945142746
13,561.5970032215118
14,1134.786958694458
15,467.24135422706604
16,512.6359095573425
17,539.7986752986908
18,570.0929753780365
19,358.349796295166
