gen,time
0,33.349475145339966
1,31.149845600128174
2,79.18230175971985
3,138.03252577781677
4,164.0664300918579
5,165.27953433990479
6,174.5532581806183
7,164.32197642326355
8,139.01953506469727
9,164.3076663017273
10,175.0773594379425
11,190.04530453681946
12,193.26749444007874
13,610.5910568237305
14,240.25377702713013
15,347.74007987976074
16,274.1514093875885
17,263.41342759132385
18,317.63697957992554
19,280.3447585105896
