gen,time
0,56.07363700866699
1,50.76765823364258
2,106.71470713615417
3,130.73744988441467
4,119.83630061149597
5,124.65599250793457
6,160.69475269317627
7,85.07697796821594
8,171.73115992546082
9,160.1457221508026
10,160.29616403579712
11,160.26632237434387
12,165.99486136436462
13,182.13025283813477
14,142.68713235855103
15,193.47791028022766
16,154.4851095676422
17,174.175208568573
18,282.2616991996765
19,192.93587040901184
