gen,time
0,54.32803130149841
1,70.67527985572815
2,119.01136040687561
3,132.98685717582703
4,164.04702949523926
5,204.8616783618927
6,188.28969717025757
7,265.7269334793091
8,239.67131686210632
9,424.38053011894226
10,348.56007146835327
11,532.8374962806702
12,400.7866017818451
13,372.76378560066223
14,350.71790385246277
15,300.16070675849915
16,277.66238951683044
17,268.66715955734253
18,326.9654173851013
19,259.4307999610901
