gen,time
0,51.013495445251465
1,55.59870743751526
2,81.10913562774658
3,102.72437310218811
4,105.9624388217926
5,96.491464138031
6,77.1799201965332
7,87.85277915000916
8,130.48679733276367
9,116.42903304100037
10,185.81436681747437
11,129.10424089431763
12,148.3764841556549
13,174.2602334022522
14,179.7940320968628
15,211.9417221546173
16,196.3026578426361
17,222.28326225280762
18,347.83917355537415
19,246.35557961463928
