gen,time
0,97.65859246253967
1,112.70223593711853
2,239.12406659126282
3,440.633962392807
4,317.6771924495697
5,348.5423562526703
6,258.6288158893585
7,306.45084261894226
8,416.4570987224579
9,467.9026153087616
10,379.2438876628876
11,365.80075788497925
12,456.79034900665283
13,575.3275060653687
14,554.9290404319763
15,1178.9287202358246
16,1093.4047062397003
17,495.67662596702576
18,489.8740074634552
19,574.6016952991486
