gen,time
0,74.88234996795654
1,75.46841669082642
2,111.91811299324036
3,158.91345262527466
4,126.32640290260315
5,140.16162133216858
6,116.30835795402527
7,134.72091031074524
8,199.57045125961304
9,334.99342823028564
10,458.88363885879517
11,520.1445002555847
12,691.9247031211853
13,684.3695919513702
14,473.69777512550354
15,580.7846834659576
16,589.2381281852722
17,985.7520596981049
18,2751.5201120376587
19,1266.7638368606567
