gen,time
0,68.58591818809509
1,66.59208416938782
2,110.12460017204285
3,141.0823199748993
4,168.67635798454285
5,171.43731307983398
6,153.18020629882812
7,125.05975270271301
8,142.39667105674744
9,166.15560507774353
10,165.65464401245117
11,128.80144548416138
12,156.4857897758484
13,158.09107756614685
14,160.78085803985596
15,122.55435228347778
16,128.02427577972412
17,113.83167791366577
18,149.34459328651428
19,191.54588794708252
