gen,time
0,39.633992433547974
1,63.61712861061096
2,74.1054253578186
3,89.90104699134827
4,160.00033283233643
5,134.13079357147217
6,121.19686365127563
7,153.96380424499512
8,143.18643426895142
9,235.75131154060364
10,193.27851247787476
11,299.98802423477173
12,166.29377031326294
13,299.83208417892456
14,194.665376663208
15,192.05653023719788
16,305.3856017589569
17,195.3607964515686
18,142.5375792980194
19,167.26851558685303
