gen,time
0,46.422297954559326
1,69.77491044998169
2,96.85028529167175
3,155.98056197166443
4,211.10404706001282
5,206.9810345172882
6,226.01289987564087
7,211.88988828659058
8,238.72229743003845
9,223.616681098938
10,241.3323221206665
11,268.93385887145996
12,225.66135215759277
13,226.34148049354553
14,850.1676044464111
15,361.44261479377747
16,361.2651400566101
17,857.4670722484589
18,341.11105465888977
19,355.05763697624207
