gen,time
0,98.83483266830444
1,86.0905408859253
2,193.42814445495605
3,187.15471577644348
4,224.43584966659546
5,196.1644628047943
6,293.93816804885864
7,288.39652705192566
8,329.62168526649475
9,301.781423330307
10,403.57075905799866
11,323.87779808044434
12,290.4643666744232
13,337.46147108078003
14,417.55083179473877
15,422.46098470687866
16,428.8114068508148
17,482.0344479084015
18,1137.9176888465881
19,573.3097560405731
