gen,time
0,81.82039833068848
1,79.49335956573486
2,107.14093947410583
3,106.69093990325928
4,235.73836612701416
5,277.53470039367676
6,213.4285023212433
7,228.36549043655396
8,267.3276677131653
9,214.84856343269348
10,169.42586874961853
11,141.730651140213
12,108.76792120933533
13,117.7917582988739
14,109.10827159881592
15,117.16666626930237
16,203.27142214775085
17,134.46960496902466
18,80.5278263092041
19,74.66953730583191
