gen,time
0,97.03329133987427
1,60.59229397773743
2,191.2362880706787
3,218.36956644058228
4,161.28975439071655
5,155.8227620124817
6,249.50112318992615
7,237.07089972496033
8,176.77694511413574
9,187.3816168308258
10,182.07639932632446
11,338.57675552368164
12,272.9142484664917
13,252.21362924575806
14,337.81522393226624
15,274.91836643218994
16,422.2628984451294
17,361.5777280330658
18,404.5338234901428
19,242.80861282348633
