gen,time
0,49.8250937461853
1,54.5934624671936
2,91.28053689002991
3,95.76436614990234
4,139.4623682498932
5,134.98110103607178
6,207.7962408065796
7,221.77119779586792
8,266.5611779689789
9,286.81941866874695
10,294.5670268535614
11,346.7320466041565
12,292.11532330513
13,271.7491776943207
14,345.9981322288513
15,284.0355579853058
16,296.8343608379364
17,392.5886766910553
18,407.367938041687
19,429.5889675617218
