gen,time
0,77.68231964111328
1,56.969393253326416
2,113.08196687698364
3,175.71703386306763
4,196.4138481616974
5,215.06135082244873
6,208.80074095726013
7,263.22636675834656
8,200.63970017433167
9,218.35432505607605
10,204.24275875091553
11,239.8618083000183
12,304.88697123527527
13,361.15120220184326
14,289.40245747566223
15,326.37388014793396
16,348.7925503253937
17,312.24559473991394
18,462.6605143547058
19,521.6483466625214
