gen,time
0,63.906991481781006
1,97.11236381530762
2,101.492103099823
3,101.9439697265625
4,113.80187821388245
5,110.20882987976074
6,156.60884308815002
7,128.10456156730652
8,190.46017217636108
9,138.10920429229736
10,138.84697103500366
11,271.32506942749023
12,85.35419631004333
13,104.93358397483826
14,106.33062076568604
15,136.33274292945862
16,153.9437119960785
17,172.1068594455719
18,140.96668887138367
19,203.34948801994324
