gen,time
0,40.17874360084534
1,56.055272340774536
2,83.2804126739502
3,119.48424744606018
4,90.44896793365479
5,129.08311820030212
6,197.2794451713562
7,193.68577599525452
8,280.5284342765808
9,240.08857011795044
10,156.80648970603943
11,216.77210760116577
12,182.3116157054901
13,224.96430206298828
14,291.09189224243164
15,264.920925617218
16,348.7723982334137
17,280.30870962142944
18,285.34893774986267
19,272.0537338256836
