gen,usage
0,393.30078125
1,393.30078125
2,393.30078125
3,393.30078125
4,393.30078125
5,393.30078125
6,393.30078125
7,393.30078125
8,393.30078125
9,393.30078125
10,393.30078125
11,393.30078125
12,393.30078125
13,393.30078125
14,393.30078125
15,393.30078125
16,393.30078125
17,393.30078125
18,393.30078125
19,393.30078125
