gen,time
0,75.3791766166687
1,93.06007528305054
2,146.92605876922607
3,151.7268054485321
4,252.02977108955383
5,185.59921193122864
6,196.08453726768494
7,300.5684494972229
8,380.48223066329956
9,319.1321337223053
10,482.6510407924652
11,455.08652114868164
12,542.2959687709808
13,518.6251993179321
14,490.91799306869507
15,627.6614284515381
16,553.1168158054352
17,527.4588530063629
18,794.5262699127197
19,503.6675035953522
