gen,time
0,37.6454176902771
1,60.74299073219299
2,94.66521954536438
3,163.80178022384644
4,170.89990639686584
5,200.5077908039093
6,133.26595950126648
7,161.6702287197113
8,135.80937027931213
9,547.7315032482147
10,167.6231541633606
11,189.95491909980774
12,179.62577867507935
13,206.18674039840698
14,230.27458381652832
15,199.95604419708252
16,192.4351761341095
17,229.7983524799347
18,235.77238202095032
19,248.0089976787567
