gen,time
0,52.69320487976074
1,94.40912747383118
2,81.37079572677612
3,74.17212462425232
4,111.5530595779419
5,68.80343580245972
6,147.39090061187744
7,369.2651023864746
8,181.392911195755
9,310.92077136039734
10,215.16459131240845
11,264.5567617416382
12,385.4862058162689
13,246.51145958900452
14,333.0481426715851
15,235.1820900440216
16,284.1253786087036
17,317.9173352718353
18,360.17519974708557
19,498.3339557647705
