gen,time
0,70.28048419952393
1,64.84168910980225
2,106.16185784339905
3,120.68406772613525
4,96.80784630775452
5,154.24667859077454
6,138.99389791488647
7,135.1293387413025
8,179.14402508735657
9,269.3501408100128
10,812.4979441165924
11,284.2836117744446
12,249.54076552391052
13,275.9085912704468
14,324.3972227573395
15,270.2580575942993
16,322.7623460292816
17,358.44104385375977
18,282.0199534893036
19,210.94673919677734
