gen,time
0,57.494892835617065
1,62.49419164657593
2,91.88729071617126
3,139.63674640655518
4,187.91075491905212
5,200.07721781730652
6,210.50258493423462
7,195.17604565620422
8,279.08779406547546
9,449.5738446712494
10,437.85553097724915
11,308.0072491168976
12,242.24583077430725
13,331.6154398918152
14,259.75507068634033
15,330.45487999916077
16,304.74659729003906
17,295.4356622695923
18,325.25025510787964
19,297.8615152835846
