gen,time
0,44.20268440246582
1,39.906654357910156
2,82.4000608921051
3,112.31737899780273
4,119.67539310455322
5,139.20517349243164
6,93.73402118682861
7,133.84637475013733
8,133.08855938911438
9,128.2830901145935
10,158.12893056869507
11,128.33997464179993
12,410.8108756542206
13,225.03420639038086
14,260.1573371887207
15,156.07602715492249
16,152.27097535133362
17,197.9523844718933
18,149.32574105262756
19,137.29158735275269
