gen,time
0,59.97872185707092
1,73.44874000549316
2,86.35963177680969
3,159.544499874115
4,133.09992909431458
5,165.5161669254303
6,221.69673705101013
7,184.9895520210266
8,240.75152230262756
9,167.772620677948
10,217.21282410621643
11,180.81246328353882
12,217.7945840358734
13,145.66973280906677
14,118.21490454673767
15,148.616286277771
16,304.2791578769684
17,271.06547141075134
18,266.5036404132843
19,143.9108271598816
