gen,time
0,86.07974886894226
1,59.94031643867493
2,141.9829785823822
3,195.74644684791565
4,222.49427437782288
5,199.01561045646667
6,229.6904559135437
7,141.1951322555542
8,194.65171360969543
9,140.37495303153992
10,118.69511866569519
11,163.05274772644043
12,100.3453757762909
13,122.73490476608276
14,220.0894615650177
15,369.9924170970917
16,324.58491039276123
17,343.2656600475311
18,908.284371137619
19,391.54585886001587
