gen,usage
0,380.26171875
1,380.26171875
2,380.26171875
3,380.26171875
4,380.65625
5,380.890625
6,380.89453125
7,380.89453125
8,341.29296875
9,341.29296875
10,341.29296875
11,341.29296875
12,341.29296875
13,344.30859375
14,383.6015625
15,383.6015625
16,383.6015625
17,383.6015625
18,383.6796875
19,383.6796875
