gen,time
0,53.3888783454895
1,96.73892641067505
2,112.90993547439575
3,158.28560328483582
4,199.27343440055847
5,225.289165019989
6,209.91606092453003
7,188.71627068519592
8,215.66178846359253
9,204.46983790397644
10,187.1194086074829
11,250.0795032978058
12,263.0438313484192
13,381.36545419692993
14,265.4373857975006
15,302.77895522117615
16,479.64559030532837
17,588.7596588134766
18,1295.1232511997223
19,938.4263691902161
