gen,time
0,46.57364249229431
1,61.8458788394928
2,89.36375546455383
3,115.35757255554199
4,136.34307551383972
5,112.21560883522034
6,154.96760940551758
7,165.8215777873993
8,268.0654950141907
9,229.64318180084229
10,246.66061973571777
11,349.2966613769531
12,394.51518511772156
13,328.8229715824127
14,954.7444097995758
15,363.58094239234924
16,374.61967277526855
17,328.5615713596344
18,444.58593106269836
19,362.08990240097046
