gen,time
0,106.0421142578125
1,77.23906373977661
2,96.51952409744263
3,147.17872738838196
4,149.00076937675476
5,220.619371175766
6,184.1861298084259
7,149.3602795600891
8,118.43580222129822
9,124.39805173873901
10,138.36926817893982
11,105.45508790016174
12,208.16337394714355
13,194.14747524261475
14,229.61305451393127
15,191.7993061542511
16,192.73517107963562
17,296.4484634399414
18,161.8659782409668
19,181.8129951953888
