gen,usage
0,339.2890625
1,339.2890625
2,339.2890625
3,339.2890625
4,339.2890625
5,339.2890625
6,339.2890625
7,339.2890625
8,339.2890625
9,345.36328125
10,345.36328125
11,345.36328125
12,345.36328125
13,345.36328125
14,345.36328125
15,376.03125
16,376.03125
17,376.05859375
18,376.05859375
19,376.05859375
