gen,time
0,63.56679844856262
1,62.573943853378296
2,79.31652593612671
3,101.41538882255554
4,139.18252778053284
5,137.2009880542755
6,151.53118896484375
7,142.2902228832245
8,126.11731171607971
9,109.67876243591309
10,130.40990018844604
11,121.24713492393494
12,123.04505729675293
13,134.99688339233398
14,125.23389887809753
15,723.6148829460144
16,156.04193687438965
17,412.36387610435486
18,158.18464016914368
19,151.30474257469177
