gen,time
0,48.70855093002319
1,88.82514071464539
2,134.1975224018097
3,148.647611618042
4,140.21902704238892
5,191.46025252342224
6,196.8800024986267
7,190.39407205581665
8,174.20331192016602
9,212.8628695011139
10,223.68538188934326
11,192.67414236068726
12,179.74835729599
13,152.47624969482422
14,170.07835626602173
15,144.13730382919312
16,166.14391541481018
17,171.78132271766663
18,144.83940720558167
19,144.83396124839783
