gen,time
0,68.30213475227356
1,76.03919434547424
2,123.57506561279297
3,105.84568500518799
4,123.22693395614624
5,147.6806607246399
6,160.8581256866455
7,205.86722946166992
8,202.58464288711548
9,241.82729077339172
10,258.0547730922699
11,866.1074850559235
12,273.6986274719238
13,278.56186175346375
14,850.7149691581726
15,276.2263300418854
16,257.4648983478546
17,331.9958231449127
18,429.7119119167328
19,176.4722135066986
