gen,time
0,47.65577578544617
1,77.52684473991394
2,99.02571105957031
3,165.9834885597229
4,121.6123378276825
5,325.323077917099
6,141.39909052848816
7,151.1243815422058
8,161.39762258529663
9,131.80711197853088
10,165.73430013656616
11,159.08718633651733
12,234.7016978263855
13,234.51231002807617
14,240.52483987808228
15,235.66691708564758
16,168.50857019424438
17,181.27708554267883
18,115.54284381866455
19,134.91787981987
