gen,time
0,70.4935827255249
1,87.74816536903381
2,125.03726077079773
3,153.09243392944336
4,132.84553289413452
5,178.2870373725891
6,112.14671421051025
7,154.91390562057495
8,232.90353536605835
9,232.38390612602234
10,255.62718105316162
11,307.1891300678253
12,297.1850514411926
13,252.1608808040619
14,237.79248118400574
15,229.21538543701172
16,281.6966145038605
17,260.10883259773254
18,196.32973289489746
19,282.22382855415344
