gen,time
0,76.40177392959595
1,133.724303483963
2,203.33930325508118
3,245.87338638305664
4,320.7131550312042
5,437.6213140487671
6,469.6707332134247
7,330.0580439567566
8,429.22227931022644
9,484.4584996700287
10,342.327383518219
11,352.67755484580994
12,416.0784418582916
13,895.6885528564453
14,445.61964297294617
15,363.30723905563354
16,312.50129652023315
17,733.5721876621246
18,503.73591923713684
19,514.2146730422974
