gen,time
0,195.21390628814697
1,83.03904294967651
2,246.06019854545593
3,282.180850982666
4,309.0973563194275
5,206.6554844379425
6,830.6275782585144
7,164.85261416435242
8,161.43385887145996
9,809.7522740364075
10,206.35780453681946
11,242.74491548538208
12,806.7099184989929
13,214.85322284698486
14,247.39597177505493
15,443.72153639793396
16,211.48083806037903
17,233.83208060264587
18,393.00659704208374
19,437.17939281463623
