gen,time
0,131.53343868255615
1,40.329442739486694
2,75.037522315979
3,111.7358045578003
4,120.06497311592102
5,362.8443148136139
6,105.09886455535889
7,91.14326763153076
8,82.69763326644897
9,136.0965793132782
10,99.00986933708191
11,170.38210678100586
12,155.87156009674072
13,159.7778754234314
14,161.23539233207703
15,170.85380172729492
16,539.3551785945892
17,172.6894896030426
18,184.81220412254333
19,200.97750973701477
