gen,usage
0,419.015625
1,419.015625
2,419.015625
3,419.015625
4,419.015625
5,419.015625
6,419.015625
7,419.015625
8,419.015625
9,419.015625
10,439.58984375
11,439.58984375
12,439.58984375
13,439.58984375
14,439.58984375
15,439.58984375
16,439.58984375
17,439.58984375
18,439.58984375
19,439.58984375
