gen,time
0,61.957703828811646
1,104.00410389900208
2,158.54983758926392
3,250.13624620437622
4,316.7490096092224
5,286.81689405441284
6,233.18653678894043
7,832.5274379253387
8,611.9960958957672
9,309.15281796455383
10,346.9778687953949
11,330.10012006759644
12,925.5213968753815
13,423.7074830532074
14,379.0902626514435
15,311.05751633644104
16,436.26932168006897
17,239.68782353401184
18,355.8758645057678
19,505.89044213294983
