gen,time
0,90.72484707832336
1,111.03961038589478
2,117.52336978912354
3,100.7525725364685
4,151.07284235954285
5,142.53201127052307
6,193.03616046905518
7,204.6037609577179
8,155.98680806159973
9,140.9369602203369
10,118.25981950759888
11,111.57084965705872
12,273.3106062412262
13,99.26331877708435
14,72.15708565711975
15,111.14518737792969
16,98.52235341072083
17,152.39833092689514
18,88.01178979873657
19,112.84711527824402
