gen,usage
0,398.30859375
1,398.30859375
2,398.30859375
3,398.30859375
4,398.30859375
5,398.30859375
6,398.30859375
7,398.30859375
8,398.30859375
9,398.30859375
10,398.30859375
11,398.30859375
12,398.30859375
13,406.7890625
14,406.7890625
15,406.7890625
16,406.7890625
17,406.7890625
18,406.7890625
19,406.7890625
