gen,time
0,51.254411697387695
1,59.18706440925598
2,98.53722357749939
3,112.5581693649292
4,99.38017582893372
5,116.24897933006287
6,96.50505805015564
7,100.60041165351868
8,116.8476779460907
9,152.61010670661926
10,145.50166606903076
11,218.50767874717712
12,122.61695837974548
13,152.28966665267944
14,154.65230178833008
15,165.59069800376892
16,201.53029799461365
17,175.6411371231079
18,249.32574915885925
19,212.170184135437
