gen,time
0,69.28827333450317
1,62.59334325790405
2,136.48640751838684
3,138.25258564949036
4,138.48411536216736
5,235.22926545143127
6,174.1846582889557
7,220.90924096107483
8,219.1073386669159
9,211.85356497764587
10,211.39829564094543
11,256.6278238296509
12,298.0372030735016
13,256.2041003704071
14,350.99720072746277
15,189.0604419708252
16,178.86943650245667
17,191.04034519195557
18,202.43234419822693
19,105.91133403778076
