gen,time
0,50.82206726074219
1,65.96572637557983
2,91.43095064163208
3,116.42622399330139
4,128.21976232528687
5,201.27943778038025
6,206.30471301078796
7,188.2271764278412
8,245.06533908843994
9,277.78065824508667
10,237.14836740493774
11,242.3290524482727
12,240.49325037002563
13,306.7756516933441
14,239.70184111595154
15,129.23924684524536
16,192.93546104431152
17,158.04886627197266
18,128.2008216381073
19,88.99670219421387
