gen,usage
0,332.38671875
1,332.38671875
2,332.38671875
3,332.38671875
4,332.38671875
5,332.38671875
6,332.38671875
7,332.38671875
8,332.38671875
9,346.53515625
10,346.53515625
11,346.53515625
12,346.53515625
13,346.53515625
14,346.53515625
15,346.53515625
16,346.53515625
17,346.53515625
18,346.53515625
19,346.53515625
