gen,time
0,91.17242312431335
1,99.31228399276733
2,135.91825771331787
3,130.15270614624023
4,234.47601747512817
5,236.02947473526
6,177.267156124115
7,290.1348738670349
8,294.88397669792175
9,183.6298065185547
10,319.629177570343
11,288.1188979148865
12,377.0971348285675
13,335.04028248786926
14,390.8212926387787
15,635.1378273963928
16,334.1744656562805
17,332.2198872566223
18,380.52905440330505
19,752.0142619609833
