gen,time
0,95.62441730499268
1,126.62965130805969
2,94.29624223709106
3,173.98214197158813
4,208.39922738075256
5,258.3365058898926
6,230.79788994789124
7,256.7173888683319
8,288.8260145187378
9,263.720228433609
10,222.87928199768066
11,159.0759358406067
12,167.34595370292664
13,197.45104050636292
14,127.93099331855774
15,122.68981862068176
16,149.24274802207947
17,54.71864175796509
18,148.54851484298706
19,123.07694506645203
