gen,time
0,72.78522682189941
1,79.46138596534729
2,67.21656394004822
3,117.47633171081543
4,135.24642372131348
5,112.54085421562195
6,204.6163079738617
7,203.63377380371094
8,181.94663953781128
9,244.3675184249878
10,212.76213836669922
11,197.20929336547852
12,195.55448031425476
13,195.2187705039978
14,216.26823687553406
15,163.36011004447937
16,180.0160632133484
17,186.74454545974731
18,140.3521101474762
19,160.4770073890686
