gen,usage
0,285.87109375
1,285.87109375
2,285.87109375
3,285.87109375
4,285.87109375
5,285.87109375
6,285.87109375
7,285.87109375
8,285.87109375
9,285.87109375
10,285.87109375
11,285.87109375
12,285.87109375
13,285.87109375
14,285.87109375
15,285.87109375
16,285.87109375
17,285.87109375
18,285.87109375
19,285.87109375
