gen,time
0,66.66375541687012
1,74.45915079116821
2,110.05486559867859
3,119.33909034729004
4,172.0547182559967
5,260.93936109542847
6,232.47120189666748
7,273.9719684123993
8,356.56067943573
9,338.0686194896698
10,432.0527677536011
11,445.59286642074585
12,569.5594253540039
13,486.23117876052856
14,404.6406271457672
15,341.5842261314392
16,1034.850489616394
17,370.888249874115
18,352.725492477417
19,328.8524441719055
