gen,time
0,46.446128129959106
1,52.69973659515381
2,93.70509672164917
3,148.34543251991272
4,238.03412580490112
5,248.71246242523193
6,291.8481545448303
7,322.2539873123169
8,467.14776396751404
9,341.13264083862305
10,326.7071433067322
11,274.8624894618988
12,404.83967995643616
13,401.9825448989868
14,532.3450162410736
15,750.8890278339386
16,676.0359585285187
17,627.5493109226227
18,767.7492444515228
19,779.1307866573334
