gen,time
0,41.47063493728638
1,53.42377686500549
2,64.46136546134949
3,106.91629791259766
4,105.47071027755737
5,124.83785271644592
6,131.12015223503113
7,120.77046966552734
8,162.0011284351349
9,145.28355765342712
10,181.9265398979187
11,135.75697135925293
12,110.5831778049469
13,155.28742003440857
14,165.47944021224976
15,226.56201934814453
16,216.19715785980225
17,183.06928205490112
18,217.4520342350006
19,888.3935685157776
