gen,time
0,96.43010520935059
1,88.36983752250671
2,134.26755738258362
3,195.09346723556519
4,197.26538801193237
5,172.38555645942688
6,207.53688049316406
7,343.01759004592896
8,350.37206196784973
9,268.77980065345764
10,346.53896021842957
11,323.73909091949463
12,259.66774702072144
13,288.5517957210541
14,421.03974437713623
15,319.3606321811676
16,334.9399902820587
17,408.1546823978424
18,406.98305320739746
19,408.51422786712646
