gen,time
0,84.48717498779297
1,99.29417014122009
2,114.26595783233643
3,145.1757791042328
4,116.64876651763916
5,111.14021706581116
6,139.48068857192993
7,118.80794167518616
8,153.57018637657166
9,155.10468864440918
10,305.51485109329224
11,259.5501401424408
12,350.6822726726532
13,359.25598645210266
14,310.83979845046997
15,1121.5679070949554
16,711.4339990615845
17,569.5990252494812
18,474.83745217323303
19,579.1184079647064
