gen,time
0,50.03965091705322
1,40.992329359054565
2,103.69034099578857
3,151.11434936523438
4,225.0887062549591
5,219.27870202064514
6,295.61390805244446
7,227.46839356422424
8,280.7419216632843
9,294.2319552898407
10,950.3097326755524
11,367.47232818603516
12,461.10596084594727
13,1030.243567943573
14,1077.650069475174
15,1139.162974357605
16,693.0058703422546
17,1243.4456810951233
18,617.429319858551
19,650.5371339321136
