gen,usage
0,376.6796875
1,376.6796875
2,376.6796875
3,376.6796875
4,376.6796875
5,376.6796875
6,376.6796875
7,376.6796875
8,376.6796875
9,376.6796875
10,376.6796875
11,376.6796875
12,376.6796875
13,376.6796875
14,376.6796875
15,376.6796875
16,376.6796875
17,376.6796875
18,376.6796875
19,376.6796875
