gen,time
0,62.467719316482544
1,90.22105932235718
2,100.9649133682251
3,127.17173266410828
4,288.1826720237732
5,248.72556114196777
6,318.9784047603607
7,226.7101092338562
8,462.27537775039673
9,650.8540375232697
10,521.0188865661621
11,646.1823832988739
12,891.8372111320496
13,582.9004590511322
14,568.3469431400299
15,770.0676023960114
16,602.8330729007721
17,1359.6734085083008
18,1642.842162847519
19,1828.9688894748688
