gen,time
0,42.12141442298889
1,49.945048332214355
2,59.173593521118164
3,94.06103038787842
4,102.56412053108215
5,124.67790961265564
6,144.34712171554565
7,161.58733081817627
8,146.87953805923462
9,206.0272376537323
10,161.6630153656006
11,161.7545998096466
12,170.8335886001587
13,186.11310863494873
14,195.938782453537
15,186.08908033370972
16,176.29777097702026
17,177.16111254692078
18,133.17648339271545
19,93.40695142745972
