gen,time
0,41.56537437438965
1,52.57459354400635
2,58.94784474372864
3,99.3738911151886
4,121.68751192092896
5,321.25741028785706
6,130.9989869594574
7,116.49073338508606
8,70.53072190284729
9,70.4411609172821
10,83.758296251297
11,82.57113361358643
12,78.25709700584412
13,118.34005665779114
14,107.64752435684204
15,395.72884941101074
16,110.53022456169128
17,121.92785239219666
18,103.37836933135986
19,109.89038443565369
