gen,time
0,63.22347855567932
1,78.68015694618225
2,119.38545393943787
3,136.8244149684906
4,139.09091472625732
5,155.33126711845398
6,158.24860382080078
7,211.41495156288147
8,256.09877729415894
9,235.48872923851013
10,275.38663935661316
11,312.5793545246124
12,263.38698863983154
13,217.8381245136261
14,275.89922881126404
15,243.42035627365112
16,261.7726604938507
17,244.6518280506134
18,283.5673186779022
19,295.0362584590912
