gen,time
0,63.887139558792114
1,69.95661926269531
2,125.02120733261108
3,152.4625973701477
4,155.79588747024536
5,191.69410943984985
6,212.75669264793396
7,191.44184112548828
8,151.12654542922974
9,130.40467596054077
10,227.47228288650513
11,223.30554389953613
12,240.78731226921082
13,146.39171886444092
14,97.72402453422546
15,243.53862047195435
16,249.01490545272827
17,216.6148178577423
18,199.55340766906738
19,160.538898229599
