gen,time
0,83.07305240631104
1,81.88647842407227
2,147.15157747268677
3,207.69030380249023
4,168.34285426139832
5,138.81645369529724
6,160.7217664718628
7,144.0895800590515
8,167.7777659893036
9,139.76722884178162
10,316.1719524860382
11,177.18702054023743
12,135.58289527893066
13,91.8867437839508
14,171.13187623023987
15,199.9393970966339
16,136.02168345451355
17,304.22366213798523
18,159.84431862831116
19,206.69709634780884
