gen,time
0,56.77458381652832
1,68.39823842048645
2,85.42806816101074
3,98.37116980552673
4,160.63153338432312
5,157.83640837669373
6,138.93682742118835
7,142.10829210281372
8,164.361328125
9,139.04835081100464
10,160.12087035179138
11,220.00092697143555
12,198.6611557006836
13,191.9451925754547
14,219.31566548347473
15,144.33138132095337
16,169.85131669044495
17,93.97163558006287
18,149.20936560630798
19,124.99446272850037
