gen,time
0,52.72429037094116
1,65.2778811454773
2,97.70083212852478
3,105.69993233680725
4,89.98634624481201
5,134.5128583908081
6,166.75153875350952
7,121.19622468948364
8,184.3063461780548
9,122.77173781394958
10,136.06094241142273
11,167.6220564842224
12,128.4089756011963
13,194.6414339542389
14,249.89381384849548
15,204.61432552337646
16,291.10995221138
17,229.51887798309326
18,208.16348958015442
19,802.1151511669159
