gen,time
0,48.32852005958557
1,45.82962250709534
2,80.51130104064941
3,166.78694534301758
4,196.08056950569153
5,200.57490825653076
6,235.33520102500916
7,229.88996958732605
8,253.9004089832306
9,292.6386172771454
10,357.896133184433
11,351.6223406791687
12,351.76440954208374
13,335.46382117271423
14,393.5719242095947
15,490.0848422050476
16,456.7181329727173
17,368.1016535758972
18,417.58330845832825
19,438.8379282951355
