gen,time
0,53.85368037223816
1,47.594868898391724
2,61.511922121047974
3,151.73020005226135
4,155.67832732200623
5,140.94313645362854
6,166.80701518058777
7,179.26874947547913
8,231.10879683494568
9,208.59669470787048
10,163.87115025520325
11,268.8750283718109
12,383.14832162857056
13,277.7894637584686
14,282.6079077720642
15,343.06329894065857
16,315.5615186691284
17,375.2393100261688
18,337.59743213653564
19,333.7765693664551
