gen,time
0,90.53918623924255
1,97.91546201705933
2,190.97180151939392
3,235.66844582557678
4,175.40059971809387
5,139.92152619361877
6,113.45856046676636
7,96.95791006088257
8,119.4722375869751
9,78.946035861969
10,79.69917941093445
11,82.48434162139893
12,127.26441287994385
13,98.30390691757202
14,467.94510293006897
15,511.52011585235596
16,110.27487301826477
17,163.13678646087646
18,164.15339422225952
19,186.35789585113525
