gen,time
0,38.761964321136475
1,58.369176149368286
2,73.02620196342468
3,110.62721586227417
4,135.36297821998596
5,155.05504655838013
6,149.84865474700928
7,220.57022333145142
8,185.13384079933167
9,155.80728960037231
10,148.5316243171692
11,246.01785230636597
12,223.54006457328796
13,149.58072066307068
14,162.60475778579712
15,67.87878632545471
16,121.4271891117096
17,222.06755089759827
18,314.67560267448425
19,221.95731711387634
