gen,time
0,60.75236916542053
1,66.77019953727722
2,84.43793845176697
3,139.64379978179932
4,145.79508566856384
5,161.7636067867279
6,193.82903170585632
7,134.84723329544067
8,136.85457062721252
9,123.11311507225037
10,117.65788722038269
11,134.0823791027069
12,159.2068042755127
13,144.69195461273193
14,132.0981376171112
15,144.85453462600708
16,132.3955855369568
17,131.43190360069275
18,105.74812030792236
19,137.69872307777405
