gen,time
0,43.669522285461426
1,22.877988815307617
2,42.66696333885193
3,55.62822437286377
4,63.72259497642517
5,59.34920358657837
6,82.10939264297485
7,199.99042963981628
8,88.12711954116821
9,109.50506663322449
10,133.76976895332336
11,134.966322183609
12,169.98514342308044
13,167.26887679100037
14,179.9107587337494
15,154.90994715690613
16,150.2598602771759
17,216.1399142742157
18,173.76087307929993
19,187.7259612083435
