gen,time
0,67.88612961769104
1,77.9711058139801
2,101.60544896125793
3,160.3519914150238
4,154.18010067939758
5,150.48734140396118
6,148.67571353912354
7,178.26099681854248
8,160.84252953529358
9,184.05984258651733
10,164.89739680290222
11,139.4548590183258
12,146.89465999603271
13,195.23334550857544
14,123.13739967346191
15,104.63873839378357
16,159.89331984519958
17,79.75189256668091
18,83.4076635837555
19,81.82852625846863
