gen,time
0,52.65458559989929
1,88.8476152420044
2,127.4347095489502
3,135.19119954109192
4,166.97668838500977
5,114.08663821220398
6,172.25869417190552
7,136.19471335411072
8,128.77801823616028
9,156.7840256690979
10,163.47603487968445
11,122.62215161323547
12,123.4110758304596
13,95.26532006263733
14,106.78360843658447
15,91.60094404220581
16,112.74808692932129
17,123.17173671722412
18,121.02167987823486
19,118.38358640670776
