gen,time
0,39.74588084220886
1,53.836928606033325
2,96.78992295265198
3,179.30860495567322
4,151.0974259376526
5,181.92577362060547
6,234.37802934646606
7,272.9887492656708
8,241.73968887329102
9,217.40481281280518
10,241.6292266845703
11,258.5097670555115
12,326.8521659374237
13,388.34367513656616
14,334.0878806114197
15,381.6186351776123
16,940.6784105300903
17,389.7192943096161
18,1615.745219707489
19,376.30870962142944
