gen,time
0,45.153282165527344
1,43.58528780937195
2,46.21816968917847
3,128.67921590805054
4,122.29138994216919
5,124.99904704093933
6,111.20958399772644
7,102.1244888305664
8,253.02877116203308
9,128.94295072555542
10,113.08994579315186
11,244.76195859909058
12,82.15223717689514
13,101.60294032096863
14,295.84550285339355
15,334.28590846061707
16,168.08357310295105
17,144.28951358795166
18,114.21814322471619
19,102.90251755714417
