gen,usage
0,446.33984375
1,446.33984375
2,446.33984375
3,446.33984375
4,446.33984375
5,446.33984375
6,446.33984375
7,446.33984375
8,446.33984375
9,446.33984375
10,446.33984375
11,446.33984375
12,446.33984375
13,446.33984375
14,443.796875
15,443.796875
16,443.796875
17,443.796875
18,443.796875
19,443.796875
