gen,time
0,126.52913761138916
1,119.77405071258545
2,227.77751898765564
3,203.40889716148376
4,175.36816477775574
5,259.50932598114014
6,184.96353578567505
7,229.57116317749023
8,282.867938041687
9,331.61451506614685
10,971.0979747772217
11,420.393043756485
12,415.29777693748474
13,358.6245005130768
14,472.7003684043884
15,1264.0512871742249
16,509.71896958351135
17,600.1229631900787
18,534.0265769958496
19,661.7198662757874
