gen,time
0,88.62524914741516
1,67.9174292087555
2,141.7070324420929
3,198.43456172943115
4,182.68414402008057
5,224.5475161075592
6,262.32902574539185
7,258.84591913223267
8,293.61197113990784
9,349.39296436309814
10,402.63571858406067
11,381.79967308044434
12,378.82881569862366
13,381.4320864677429
14,325.9414463043213
15,328.7061605453491
16,306.6011736392975
17,296.6792097091675
18,386.7518208026886
19,257.5818796157837
