gen,usage
0,383.35546875
1,383.35546875
2,383.35546875
3,383.35546875
4,383.35546875
5,383.35546875
6,383.35546875
7,383.35546875
8,383.359375
9,383.359375
10,383.359375
11,383.359375
12,383.359375
13,383.359375
14,383.359375
15,383.359375
16,383.359375
17,383.359375
18,383.359375
19,383.359375
