gen,time
0,82.31678938865662
1,122.37631416320801
2,120.21228051185608
3,142.60236477851868
4,160.75164079666138
5,192.5365993976593
6,302.8307361602783
7,170.95929884910583
8,454.0335509777069
9,379.07638788223267
10,327.6910982131958
11,278.7452917098999
12,328.02164578437805
13,559.7012000083923
14,393.4304201602936
15,427.0031280517578
16,322.3272681236267
17,631.6364719867706
18,321.6544888019562
19,479.7546875476837
