gen,time
0,71.20135879516602
1,104.96266293525696
2,166.39983487129211
3,130.16538548469543
4,248.7706286907196
5,221.48064947128296
6,257.82666993141174
7,226.74356031417847
8,247.09071254730225
9,272.69547414779663
10,252.963196516037
11,322.8769633769989
12,187.6603946685791
13,232.81138968467712
14,590.9337623119354
15,233.85363101959229
16,141.53831338882446
17,175.60928297042847
18,170.22677063941956
19,169.06102395057678
