gen,time
0,57.36310338973999
1,53.94284653663635
2,98.46552419662476
3,150.9251778125763
4,212.048978805542
5,185.02250576019287
6,202.37302255630493
7,190.24925327301025
8,211.2882890701294
9,241.8141632080078
10,180.4013295173645
11,120.33682131767273
12,229.05284237861633
13,798.5854477882385
14,264.80917286872864
15,399.72313690185547
16,365.702219247818
17,399.29271483421326
18,810.9867911338806
19,252.84152030944824
