gen,time
0,75.48710584640503
1,82.32276892662048
2,135.52019906044006
3,192.48834371566772
4,226.17887043952942
5,288.1044080257416
6,248.4951720237732
7,242.7629895210266
8,207.5378339290619
9,380.6525647640228
10,187.08198308944702
11,152.40157747268677
12,571.773286819458
13,570.542486667633
14,706.2353842258453
15,384.58527088165283
16,337.4597337245941
17,845.3213841915131
18,935.3419885635376
19,306.3493492603302
