gen,time
0,58.12653636932373
1,52.71766710281372
2,100.02197074890137
3,168.11999416351318
4,168.94751071929932
5,208.86576342582703
6,183.68782114982605
7,178.37623572349548
8,151.1436414718628
9,101.64847993850708
10,122.4198968410492
11,98.44141340255737
12,109.44769024848938
13,114.0639717578888
14,274.6278145313263
15,102.09934186935425
16,107.85642194747925
17,158.02614402770996
18,122.39204502105713
19,164.62397050857544
