gen,time
0,94.896479845047
1,95.89086246490479
2,191.5009696483612
3,142.9873082637787
4,178.12037873268127
5,104.64272952079773
6,181.00211143493652
7,168.10828113555908
8,142.33537220954895
9,248.87995529174805
10,194.5754702091217
11,338.29604172706604
12,422.8074219226837
13,213.68106746673584
14,390.14992594718933
15,444.1098210811615
16,330.3209264278412
17,280.65216851234436
18,304.9730327129364
19,478.9202914237976
