gen,usage
0,403.92578125
1,403.92578125
2,403.92578125
3,403.92578125
4,403.92578125
5,403.92578125
6,403.92578125
7,403.92578125
8,403.92578125
9,412.81640625
10,412.81640625
11,412.81640625
12,412.81640625
13,412.81640625
14,412.81640625
15,412.81640625
16,412.81640625
17,412.81640625
18,412.81640625
19,412.81640625
