gen,time
0,53.29089641571045
1,72.55974626541138
2,108.83059692382812
3,113.97091317176819
4,118.38055419921875
5,95.43989634513855
6,107.8425931930542
7,98.96455502510071
8,166.27745938301086
9,115.43629384040833
10,135.6094937324524
11,151.84188389778137
12,122.3484411239624
13,119.84466195106506
14,75.97102856636047
15,76.65525984764099
16,105.20875787734985
17,138.5239758491516
18,114.13520550727844
19,134.3769030570984
