gen,time
0,64.23771119117737
1,89.17669296264648
2,120.08628106117249
3,186.9071068763733
4,134.6891589164734
5,157.63775420188904
6,242.3694248199463
7,192.33615636825562
8,183.13065481185913
9,131.10220193862915
10,148.3489191532135
11,202.04081320762634
12,465.74389147758484
13,920.9125800132751
14,856.8256809711456
15,425.0233085155487
16,1453.257838010788
17,395.9326024055481
18,501.25990533828735
19,264.6141104698181
