gen,time
0,69.93964004516602
1,69.77375197410583
2,131.72628664970398
3,135.9179859161377
4,249.5547535419464
5,167.82002449035645
6,164.16778993606567
7,193.2557966709137
8,168.67521691322327
9,136.0054349899292
10,158.2838785648346
11,158.61298823356628
12,148.91950845718384
13,150.10730838775635
14,214.57323265075684
15,149.21992564201355
16,188.00404596328735
17,189.6745867729187
18,151.94151616096497
19,170.46110153198242
