gen,time
0,64.80997347831726
1,74.09123373031616
2,82.34882950782776
3,127.09887146949768
4,140.91473054885864
5,106.77657413482666
6,131.17735171318054
7,173.2209644317627
8,213.39193773269653
9,152.94594311714172
10,212.24490785598755
11,203.30691933631897
12,206.29082489013672
13,211.23481249809265
14,161.88779544830322
15,174.79538369178772
16,153.00353598594666
17,167.94203519821167
18,163.65177989006042
19,144.33800983428955
