gen,time
0,51.590606451034546
1,71.09844708442688
2,229.17341232299805
3,170.69608283042908
4,211.35817670822144
5,158.701003074646
6,154.73711585998535
7,317.27926445007324
8,176.23695373535156
9,177.52722716331482
10,121.87295889854431
11,159.11513590812683
12,142.6297812461853
13,121.00277924537659
14,134.39516139030457
15,146.131361246109
16,138.17035007476807
17,164.41817927360535
18,120.97681522369385
19,134.83422303199768
