gen,time
0,98.91787886619568
1,92.10317063331604
2,219.24441623687744
3,341.0202724933624
4,388.32490515708923
5,382.90751791000366
6,491.84501934051514
7,396.8027322292328
8,433.4606807231903
9,316.07073402404785
10,363.68402004241943
11,448.6321873664856
12,656.0398309230804
13,323.36974835395813
14,501.7858474254608
15,480.20577907562256
16,270.48695039749146
17,366.3796172142029
18,247.5901439189911
19,310.5659599304199
