gen,time
0,100.44205474853516
1,97.46420860290527
2,103.3355872631073
3,297.4694938659668
4,197.0915732383728
5,280.3696131706238
6,372.9984538555145
7,320.70718336105347
8,452.1492233276367
9,425.2496106624603
10,431.5279574394226
11,382.42488169670105
12,244.58450865745544
13,283.95532417297363
14,487.71134424209595
15,128.64388871192932
16,150.0059370994568
17,114.40702939033508
18,560.3669068813324
19,627.6273670196533
