gen,time
0,85.67332196235657
1,47.791359663009644
2,92.05884456634521
3,196.44169235229492
4,342.9962303638458
5,211.5599126815796
6,157.97230553627014
7,148.84669280052185
8,147.72314548492432
9,116.90726780891418
10,138.69272446632385
11,111.48507308959961
12,143.9259672164917
13,139.37968802452087
14,121.14559936523438
15,159.96131205558777
16,135.86308002471924
17,182.49006843566895
18,191.93927025794983
19,210.56437611579895
