gen,time
0,62.967036485672
1,87.1763219833374
2,96.12732863426208
3,153.36279606819153
4,179.31513452529907
5,130.19634771347046
6,199.95753574371338
7,194.21134328842163
8,204.57821130752563
9,249.8378505706787
10,221.93710255622864
11,223.33703088760376
12,242.79767155647278
13,226.39216327667236
14,234.98567509651184
15,185.53160095214844
16,183.65427803993225
17,151.66512250900269
18,138.19575881958008
19,171.91851449012756
