gen,usage
0,378.61328125
1,378.61328125
2,378.61328125
3,378.61328125
4,378.61328125
5,378.61328125
6,378.61328125
7,378.61328125
8,378.61328125
9,378.61328125
10,378.61328125
11,378.61328125
12,378.61328125
13,378.61328125
14,378.61328125
15,378.61328125
16,378.61328125
17,378.61328125
18,378.61328125
19,378.61328125
