gen,time
0,45.04784321784973
1,64.8991129398346
2,100.6414954662323
3,138.18483781814575
4,182.62380719184875
5,170.87627291679382
6,197.3462998867035
7,173.51970529556274
8,186.96933341026306
9,734.5602300167084
10,214.16933012008667
11,193.12213325500488
12,231.64130091667175
13,165.43875980377197
14,198.60810613632202
15,277.41255354881287
16,460.74229526519775
17,462.8177070617676
18,354.3843774795532
19,428.5354959964752
