gen,time
0,80.21251058578491
1,104.28741455078125
2,139.53109788894653
3,262.05986738204956
4,235.99896883964539
5,291.25894141197205
6,316.4460537433624
7,272.070796251297
8,279.26734042167664
9,312.01201820373535
10,395.53252243995667
11,287.27545523643494
12,292.6692497730255
13,327.6412284374237
14,290.6550142765045
15,272.0367715358734
16,279.4229254722595
17,532.509206533432
18,315.1136519908905
19,376.7295911312103
