gen,time
0,93.11391687393188
1,123.0341968536377
2,104.73161363601685
3,121.37935996055603
4,117.14773750305176
5,127.75943183898926
6,119.3634672164917
7,125.42191886901855
8,172.96284699440002
9,141.44869923591614
10,106.09958791732788
11,128.7096390724182
12,175.1525421142578
13,95.62919473648071
14,307.93926072120667
15,291.92323899269104
16,119.81414794921875
17,99.75767588615417
18,127.70614719390869
19,103.84848165512085
