gen,time
0,75.93438458442688
1,42.278098344802856
2,107.29208636283875
3,186.70937085151672
4,186.58335757255554
5,181.0387077331543
6,212.55844116210938
7,222.2608504295349
8,248.94309091567993
9,240.24431848526
10,241.48778629302979
11,232.63072609901428
12,290.5026581287384
13,259.3890459537506
14,277.5002598762512
15,243.36392974853516
16,249.25076913833618
17,335.65102314949036
18,272.4597690105438
19,288.7871036529541
