gen,time
0,47.850889682769775
1,97.05966687202454
2,124.05440473556519
3,171.73048639297485
4,204.46877598762512
5,195.12659788131714
6,150.3292260169983
7,168.09264659881592
8,100.72796654701233
9,138.29317092895508
10,136.82780647277832
11,196.27818727493286
12,78.81963515281677
13,70.7102518081665
14,101.30925154685974
15,59.76878309249878
16,94.92612838745117
17,33.90118980407715
18,86.2947039604187
19,60.32605028152466
