gen,time
0,57.03943204879761
1,59.886807680130005
2,55.30414652824402
3,59.00069212913513
4,54.4602530002594
5,53.81299567222595
6,90.573725938797
7,88.56116485595703
8,88.64854335784912
9,99.38520765304565
10,67.13536429405212
11,99.88306140899658
12,166.89852285385132
13,131.40440368652344
14,151.1529586315155
15,171.06855845451355
16,217.7531623840332
17,183.47821402549744
18,188.00904393196106
19,217.6549892425537
