gen,usage
0,344.20703125
1,344.20703125
2,344.20703125
3,312.12890625
4,312.12890625
5,312.12890625
6,312.12890625
7,312.12890625
8,312.12890625
9,312.12890625
10,312.12890625
11,312.12890625
12,312.12890625
13,312.12890625
14,312.12890625
15,312.12890625
16,312.12890625
17,312.12890625
18,312.12890625
19,312.12890625
