gen,usage
0,389.1953125
1,389.1953125
2,389.1953125
3,389.1953125
4,389.1953125
5,389.1953125
6,389.1953125
7,389.1953125
8,389.1953125
9,389.1953125
10,389.1953125
11,389.1953125
12,389.1953125
13,389.1953125
14,389.1953125
15,389.1953125
16,389.1953125
17,389.1953125
18,389.1953125
19,389.1953125
