gen,time
0,68.89045333862305
1,65.60449409484863
2,96.27451777458191
3,118.20221734046936
4,184.03568243980408
5,185.62290692329407
6,297.25750160217285
7,265.24587965011597
8,316.7946319580078
9,195.45424127578735
10,236.714284658432
11,218.43879461288452
12,394.59303426742554
13,186.4422481060028
14,221.25460481643677
15,778.8863749504089
16,297.5200090408325
17,224.69502186775208
18,265.6501443386078
19,145.46997356414795
