gen,time
0,87.90965580940247
1,104.0956757068634
2,143.36156272888184
3,152.21498847007751
4,185.56548857688904
5,262.2382779121399
6,225.76891136169434
7,511.3414309024811
8,411.4774742126465
9,386.1440920829773
10,395.8815495967865
11,309.16563272476196
12,385.14212584495544
13,368.3061809539795
14,262.48418736457825
15,351.1319029331207
16,318.85041904449463
17,328.74590945243835
18,331.8111114501953
19,348.3291811943054
