gen,usage
0,389.1953125
1,389.1953125
2,389.1953125
3,389.1953125
4,389.1953125
5,389.1953125
6,389.1953125
7,389.19921875
8,389.19921875
9,389.19921875
10,389.19921875
11,389.19921875
12,389.19921875
13,389.19921875
14,389.19921875
15,389.19921875
16,389.19921875
17,389.19921875
18,389.19921875
19,389.19921875
