gen,time
0,69.13224077224731
1,60.44290256500244
2,76.74204564094543
3,125.5620858669281
4,207.6931507587433
5,293.98389434814453
6,261.698264837265
7,118.76873064041138
8,96.41731023788452
9,136.21926641464233
10,103.29943895339966
11,140.29288983345032
12,108.06252431869507
13,97.34543442726135
14,174.07382440567017
15,167.1796805858612
16,167.12480998039246
17,89.64831137657166
18,154.20296669006348
19,133.26031136512756
