gen,usage
0,383.3359375
1,383.3359375
2,383.3359375
3,383.3359375
4,383.3359375
5,383.3359375
6,383.3359375
7,383.3359375
8,383.3359375
9,383.3359375
10,383.3359375
11,383.3359375
12,383.3359375
13,383.3359375
14,383.3359375
15,383.3359375
16,383.3359375
17,383.3359375
18,383.3359375
19,383.3359375
