gen,usage
0,439.58984375
1,439.58984375
2,439.58984375
3,439.58984375
4,439.58984375
5,439.58984375
6,439.58984375
7,439.58984375
8,439.58984375
9,439.58984375
10,439.58984375
11,397.27734375
12,397.27734375
13,397.27734375
14,397.27734375
15,397.27734375
16,397.27734375
17,397.27734375
18,401.109375
19,419.015625
