gen,time
0,144.53142285346985
1,188.77279329299927
2,291.85789346694946
3,223.95365500450134
4,215.45539712905884
5,276.69805693626404
6,346.56102776527405
7,410.49770498275757
8,490.65291476249695
9,436.34115386009216
10,398.462149143219
11,460.31750988960266
12,454.88240146636963
13,421.6298141479492
14,1652.6800878047943
15,380.44982075691223
16,299.82266998291016
17,911.6461961269379
18,961.8986763954163
19,436.1015272140503
