gen,time
0,52.033878803253174
1,64.11488699913025
2,85.50145053863525
3,111.73965620994568
4,139.14762139320374
5,146.09769916534424
6,177.27817463874817
7,228.18025541305542
8,169.36162495613098
9,281.7029116153717
10,237.28274416923523
11,556.2866868972778
12,383.30308747291565
13,1071.998417377472
14,360.70962285995483
15,558.1836075782776
16,433.69950103759766
17,439.784987449646
18,440.7326741218567
19,408.34921073913574
