gen,usage
0,392.92578125
1,392.92578125
2,392.92578125
3,392.92578125
4,392.92578125
5,392.92578125
6,392.92578125
7,392.92578125
8,392.92578125
9,392.92578125
10,392.92578125
11,392.92578125
12,392.92578125
13,392.92578125
14,392.92578125
15,392.92578125
16,392.92578125
17,392.92578125
18,392.92578125
19,392.92578125
