gen,time
0,98.58143162727356
1,98.8910882472992
2,86.72103905677795
3,146.95654606819153
4,167.49710059165955
5,205.2070279121399
6,135.61979269981384
7,184.10163807868958
8,195.29208660125732
9,221.93673872947693
10,164.23362398147583
11,158.31115317344666
12,156.5651135444641
13,326.45131063461304
14,102.27379536628723
15,296.5501148700714
16,140.85894632339478
17,116.4087176322937
18,130.07541418075562
19,99.13172173500061
