gen,time
0,68.93704128265381
1,91.12248659133911
2,120.14093565940857
3,122.63872361183167
4,142.96517634391785
5,163.36372065544128
6,188.08193826675415
7,206.3490867614746
8,800.5830857753754
9,291.98499941825867
10,348.6643981933594
11,379.9296522140503
12,462.03997588157654
13,437.938188791275
14,377.8148720264435
15,402.7941391468048
16,308.83137345314026
17,274.71086955070496
18,244.31494426727295
19,232.98832869529724
