gen,time
0,82.19854092597961
1,76.85912775993347
2,226.51216411590576
3,253.21492218971252
4,327.56636667251587
5,285.34506392478943
6,315.3385536670685
7,142.81968665122986
8,155.98648381233215
9,193.39480352401733
10,362.6478056907654
11,235.18986558914185
12,822.1519272327423
13,269.1989588737488
14,546.9949295520782
15,286.79847168922424
16,207.80810475349426
17,286.8246612548828
18,294.69699215888977
19,204.45679259300232
