gen,time
0,74.53498673439026
1,64.41113424301147
2,180.01875495910645
3,195.98622465133667
4,246.41571378707886
5,165.21855974197388
6,213.71062016487122
7,212.06275701522827
8,227.49170303344727
9,238.56329655647278
10,228.80037260055542
11,246.85545706748962
12,260.52468156814575
13,218.51385283470154
14,228.81205797195435
15,311.81448316574097
16,278.8237874507904
17,311.8259105682373
18,294.5742259025574
19,946.7768857479095
