gen,time
0,40.36182880401611
1,57.775105476379395
2,94.1933925151825
3,110.09039497375488
4,137.5633442401886
5,171.90305423736572
6,158.99781966209412
7,210.46850419044495
8,264.9862163066864
9,254.8231499195099
10,273.58620429039
11,352.3903408050537
12,309.3080098628998
13,339.38580799102783
14,269.6075074672699
15,288.00841641426086
16,287.93363189697266
17,954.2771475315094
18,382.2564115524292
19,337.4977672100067
