gen,time
0,29.44452738761902
1,49.00818228721619
2,75.89872598648071
3,155.85104846954346
4,110.87098002433777
5,114.31137228012085
6,100.95770287513733
7,125.48711252212524
8,777.2317228317261
9,123.62737369537354
10,118.24450898170471
11,1003.8892130851746
12,184.2217092514038
13,228.39966678619385
14,266.5684871673584
15,278.0325825214386
16,237.92483520507812
17,243.52842092514038
18,254.65966534614563
19,229.13841700553894
