gen,time
0,175.71393632888794
1,67.9018166065216
2,85.07843136787415
3,104.56911182403564
4,129.21907496452332
5,120.15552043914795
6,207.89828777313232
7,115.6835343837738
8,158.81360054016113
9,114.52021169662476
10,124.72025299072266
11,105.5281400680542
12,375.43708086013794
13,155.2176067829132
14,107.8028073310852
15,136.1317584514618
16,151.96109628677368
17,157.4326810836792
18,211.55045437812805
19,539.6994607448578
