gen,usage
0,405.31640625
1,405.31640625
2,405.31640625
3,405.31640625
4,405.31640625
5,405.31640625
6,405.31640625
7,405.31640625
8,405.31640625
9,405.31640625
10,446.33984375
11,446.33984375
12,446.33984375
13,446.33984375
14,446.33984375
15,446.33984375
16,446.33984375
17,446.33984375
18,446.33984375
19,446.33984375
