gen,time
0,44.48898935317993
1,26.81596541404724
2,115.92154669761658
3,155.60125350952148
4,174.53792262077332
5,158.82123064994812
6,317.1792960166931
7,237.82539129257202
8,302.68731665611267
9,279.91410756111145
10,336.16943621635437
11,959.0112769603729
12,512.3523595333099
13,430.9822905063629
14,446.2398407459259
15,307.11390709877014
16,375.294358253479
17,332.6323359012604
18,289.05142045021057
19,592.4292123317719
