gen,time
0,29.38519048690796
1,46.78574204444885
2,92.3872172832489
3,110.00272107124329
4,88.74713253974915
5,112.30471014976501
6,94.61827826499939
7,138.42061138153076
8,117.76119661331177
9,137.3053843975067
10,186.53062558174133
11,121.88571000099182
12,175.897634267807
13,138.00380420684814
14,146.02270650863647
15,156.8353888988495
16,160.30879831314087
17,149.14372086524963
18,163.18569469451904
19,197.537930727005
