gen,time
0,58.95665097236633
1,51.40006470680237
2,43.48587441444397
3,59.54940366744995
4,115.37848711013794
5,113.91913437843323
6,143.5736527442932
7,151.22278881072998
8,171.72006106376648
9,155.526921749115
10,159.67835092544556
11,215.28386425971985
12,148.52418112754822
13,273.7362811565399
14,243.1323320865631
15,164.6553864479065
16,137.986398935318
17,225.58628034591675
18,797.605090379715
19,243.4979751110077
