gen,time
0,63.138649702072144
1,95.08307385444641
2,162.47234869003296
3,101.91029167175293
4,150.15518188476562
5,87.34380006790161
6,101.27269959449768
7,163.68508958816528
8,138.2111144065857
9,178.63904523849487
10,153.41249561309814
11,193.5535590648651
12,236.1995189189911
13,207.01364922523499
14,225.67890095710754
15,233.11422610282898
16,220.95458102226257
17,245.20745420455933
18,194.57501006126404
19,211.0318329334259
