gen,time
0,128.15360498428345
1,76.22752690315247
2,83.84552431106567
3,268.8821129798889
4,165.524311542511
5,148.31267666816711
6,281.13226675987244
7,148.01668000221252
8,176.21637201309204
9,225.86522030830383
10,1019.5771577358246
11,229.2566409111023
12,269.8918616771698
13,325.6484684944153
14,441.5818147659302
15,502.59563636779785
16,420.973837852478
17,635.307097196579
18,536.0457484722137
19,460.3361237049103
