gen,usage
0,439.6328125
1,439.6328125
2,439.6328125
3,439.6328125
4,439.6328125
5,439.6328125
6,439.6328125
7,439.671875
8,439.671875
9,439.671875
10,439.671875
11,439.671875
12,439.671875
13,439.671875
14,439.671875
15,439.671875
16,439.671875
17,397.359375
18,397.359375
19,397.359375
