gen,time
0,86.50595045089722
1,115.70122408866882
2,149.52211022377014
3,153.18300223350525
4,276.1512498855591
5,253.84165358543396
6,314.6485357284546
7,346.26302337646484
8,475.94256925582886
9,320.04920268058777
10,201.61963653564453
11,339.3115074634552
12,472.95343708992004
13,470.11965799331665
14,457.49009108543396
15,588.584454536438
16,454.6194050312042
17,459.37312054634094
18,1827.7483248710632
19,628.481920003891
