gen,time
0,56.774046421051025
1,75.61893248558044
2,65.46262049674988
3,82.71100234985352
4,100.40192317962646
5,106.98511719703674
6,99.23186659812927
7,161.34630370140076
8,111.66775751113892
9,212.6375229358673
10,153.60040712356567
11,176.49763989448547
12,160.82303428649902
13,165.53435683250427
14,139.80462098121643
15,114.70456719398499
16,135.51803851127625
17,400.8257853984833
18,127.91525745391846
19,109.68027544021606
