gen,time
0,63.05077409744263
1,52.6977903842926
2,107.95569825172424
3,139.462069272995
4,152.43882751464844
5,762.8303351402283
6,250.4831187725067
7,248.7927691936493
8,289.15923714637756
9,250.40073323249817
10,390.62230348587036
11,1147.0154061317444
12,568.5504088401794
13,610.054206609726
14,479.9843728542328
15,492.9887053966522
16,595.5180089473724
17,451.1210503578186
18,579.5781652927399
19,411.2843990325928
