gen,time
0,64.96602272987366
1,56.532851696014404
2,85.81766939163208
3,106.34554052352905
4,144.08395910263062
5,154.73889064788818
6,122.08099436759949
7,184.9458713531494
8,339.1479694843292
9,644.3370552062988
10,129.40949845314026
11,128.6233561038971
12,116.99211120605469
13,115.71895289421082
14,148.49911093711853
15,130.11440920829773
16,186.10953664779663
17,158.79294300079346
18,143.70702981948853
19,216.7622253894806
