gen,time
0,50.20750379562378
1,64.15305590629578
2,118.26622080802917
3,89.87657904624939
4,90.6590187549591
5,74.8009421825409
6,100.8458821773529
7,176.60351991653442
8,177.24953651428223
9,189.2990050315857
10,166.18315362930298
11,255.6289041042328
12,205.0965964794159
13,428.70944690704346
14,321.84092235565186
15,304.89200043678284
16,373.0249767303467
17,372.7884078025818
18,246.65868091583252
19,290.9753668308258
