gen,usage
0,312.2734375
1,312.2734375
2,312.2734375
3,312.2734375
4,312.2734375
5,312.2734375
6,312.2734375
7,312.2734375
8,312.2734375
9,312.2734375
10,312.2734375
11,312.2734375
12,312.2734375
13,312.2734375
14,312.2734375
15,312.2734375
16,312.2734375
17,312.234375
18,312.234375
19,312.234375
