gen,time
0,38.48390793800354
1,57.377691984176636
2,114.67184019088745
3,124.07184791564941
4,182.0624485015869
5,154.9677402973175
6,166.59987568855286
7,167.80144667625427
8,164.39212226867676
9,224.4169635772705
10,222.6648337841034
11,162.54941177368164
12,207.25566983222961
13,185.51756358146667
14,138.60027027130127
15,151.95924639701843
16,106.5712525844574
17,180.6343719959259
18,135.4997022151947
19,125.44975399971008
