gen,usage
0,401.609375
1,401.609375
2,401.609375
3,401.609375
4,401.609375
5,401.609375
6,401.609375
7,401.609375
8,401.609375
9,401.609375
10,401.609375
11,401.609375
12,401.609375
13,401.609375
14,401.609375
15,401.609375
16,401.609375
17,401.609375
18,401.609375
19,401.609375
