gen,time
0,46.43295645713806
1,59.43791890144348
2,56.446763038635254
3,114.73634028434753
4,134.323397397995
5,105.98876190185547
6,170.1065285205841
7,124.10691332817078
8,142.3121395111084
9,171.37534141540527
10,204.95727849006653
11,198.393648147583
12,335.1801850795746
13,239.77599835395813
14,302.0872848033905
15,378.0181303024292
16,254.30401015281677
17,389.9058952331543
18,456.49495100975037
19,643.9564356803894
