gen,time
0,54.8412971496582
1,61.63094663619995
2,83.0935366153717
3,91.28016686439514
4,102.1966621875763
5,122.20002174377441
6,136.2418601512909
7,194.66969656944275
8,222.72679090499878
9,191.1129653453827
10,283.28886580467224
11,223.84594631195068
12,130.10784220695496
13,277.24650979042053
14,421.23501801490784
15,109.20742917060852
16,142.7329351902008
17,156.19593238830566
18,117.43055653572083
19,72.92753529548645
