gen,time
0,61.02926015853882
1,63.31379199028015
2,87.95170068740845
3,147.5549032688141
4,181.58014130592346
5,138.34365272521973
6,173.64940738677979
7,234.55131602287292
8,171.43896436691284
9,187.06828546524048
10,215.47592568397522
11,174.1310555934906
12,211.4737048149109
13,224.53660583496094
14,222.94883561134338
15,286.9465219974518
16,281.0751419067383
17,285.23180198669434
18,246.21957230567932
19,238.8326861858368
