gen,time
0,68.87979292869568
1,82.02063179016113
2,194.1537013053894
3,179.51692128181458
4,277.2815306186676
5,147.35139536857605
6,183.11655402183533
7,189.5173783302307
8,275.16257786750793
9,236.76862931251526
10,319.65008449554443
11,280.52429723739624
12,276.50793719291687
13,261.8501088619232
14,452.63609981536865
15,314.50543904304504
16,360.73024725914
17,300.54524755477905
18,300.33540654182434
19,303.97434997558594
