gen,time
0,47.67923164367676
1,94.07178592681885
2,128.66244411468506
3,108.34979057312012
4,103.56450533866882
5,105.59630990028381
6,95.20133543014526
7,110.99040913581848
8,126.82643485069275
9,226.28587985038757
10,133.77283716201782
11,135.23178029060364
12,122.31305193901062
13,202.28353714942932
14,109.69205117225647
15,117.89719295501709
16,97.63382935523987
17,84.59300994873047
18,114.78501653671265
19,108.87217211723328
