gen,time
0,72.18260860443115
1,80.54735445976257
2,121.86118197441101
3,121.62136602401733
4,142.88998341560364
5,161.55273699760437
6,102.50981068611145
7,76.03962326049805
8,100.72757029533386
9,113.91961312294006
10,75.31983089447021
11,79.75311255455017
12,108.96151733398438
13,96.2713930606842
14,295.24820590019226
15,123.3217101097107
16,122.26555490493774
17,89.75826668739319
18,147.16249060630798
19,163.60651755332947
