gen,usage
0,353.33984375
1,353.33984375
2,353.33984375
3,353.33984375
4,353.33984375
5,353.33984375
6,353.33984375
7,353.33984375
8,353.33984375
9,353.33984375
10,387.8671875
11,387.8671875
12,387.8671875
13,387.8671875
14,387.8671875
15,387.8671875
16,387.8671875
17,387.8671875
18,387.8671875
19,387.8671875
