gen,time
0,56.878294706344604
1,50.40945816040039
2,69.35273885726929
3,141.6053605079651
4,133.58737516403198
5,95.0953323841095
6,199.8466613292694
7,170.3077278137207
8,179.80244302749634
9,240.6006531715393
10,297.52321219444275
11,315.08577132225037
12,318.9224739074707
13,256.9061903953552
14,270.8673770427704
15,265.4284157752991
16,180.5582046508789
17,256.6667811870575
18,277.4320023059845
19,241.21167707443237
