gen,time
0,52.53564929962158
1,52.52215051651001
2,83.98100161552429
3,101.52305173873901
4,176.2826669216156
5,119.01361536979675
6,167.76682901382446
7,152.5936279296875
8,263.9279420375824
9,306.70513224601746
10,722.9519712924957
11,557.9780097007751
12,275.217542886734
13,927.6015658378601
14,903.2963066101074
15,351.8933939933777
16,392.4412307739258
17,319.1000165939331
18,321.1936295032501
19,417.41718912124634
