gen,time
0,72.15875244140625
1,72.92912292480469
2,141.1011848449707
3,163.5894935131073
4,218.33535408973694
5,162.81148314476013
6,202.60366010665894
7,185.28882551193237
8,229.94137239456177
9,196.23207545280457
10,213.22881770133972
11,233.1093373298645
12,265.38204288482666
13,863.496012210846
14,313.0630042552948
15,361.06822872161865
16,403.7907032966614
17,944.7202775478363
18,356.5185933113098
19,374.9965982437134
