gen,time
0,58.68172025680542
1,87.20391201972961
2,122.2142322063446
3,212.33768439292908
4,89.94295740127563
5,159.48344779014587
6,164.1074562072754
7,150.1220383644104
8,136.20339846611023
9,131.58759307861328
10,162.909752368927
11,135.90397238731384
12,159.748272895813
13,191.90968990325928
14,207.68548798561096
15,282.69635796546936
16,247.6709122657776
17,295.28282594680786
18,271.8202941417694
19,234.06903219223022
