gen,time
0,62.324729919433594
1,51.61886954307556
2,134.46843314170837
3,200.19533967971802
4,177.90642762184143
5,202.00573229789734
6,187.8363082408905
7,232.7926082611084
8,291.40013694763184
9,211.7615475654602
10,230.55603551864624
11,228.32623386383057
12,288.8784568309784
13,175.89012932777405
14,168.85906267166138
15,230.96264362335205
16,153.20089769363403
17,187.30060935020447
18,168.29511070251465
19,134.11605644226074
