gen,time
0,48.760546922683716
1,40.601457834243774
2,88.14431691169739
3,112.35438060760498
4,151.3953821659088
5,178.23052072525024
6,202.9646418094635
7,151.5596408843994
8,140.44752025604248
9,188.9953896999359
10,147.32183837890625
11,220.95208954811096
12,232.4539475440979
13,275.88314175605774
14,302.77966475486755
15,249.45629954338074
16,332.98001194000244
17,246.08201360702515
18,198.28596377372742
19,224.75601816177368
