gen,time
0,33.929986000061035
1,66.46583843231201
2,116.81820106506348
3,144.06372094154358
4,156.03491950035095
5,163.01984095573425
6,175.68867707252502
7,310.6804766654968
8,230.65411257743835
9,95.4310851097107
10,215.68425011634827
11,105.20336079597473
12,126.11418867111206
13,78.13106226921082
14,118.13572907447815
15,166.37527203559875
16,160.35258388519287
17,212.1830792427063
18,288.61709690093994
19,325.654705286026
