gen,time
0,70.38194370269775
1,54.98058342933655
2,106.45505452156067
3,101.6891541481018
4,112.16040134429932
5,159.18840074539185
6,187.06495308876038
7,159.50806188583374
8,174.16905856132507
9,187.88669109344482
10,157.0423882007599
11,188.90656971931458
12,191.90689182281494
13,189.28539538383484
14,156.4819793701172
15,206.20006942749023
16,172.29284739494324
17,178.70239901542664
18,170.89050579071045
19,250.3392894268036
