gen,time
0,78.3864164352417
1,53.572913646698
2,124.51104998588562
3,132.83372139930725
4,141.3152573108673
5,300.9487154483795
6,95.5939085483551
7,109.64877700805664
8,96.8104681968689
9,131.02635169029236
10,137.49316430091858
11,126.02825498580933
12,152.37278819084167
13,107.68983316421509
14,146.36469197273254
15,116.81973075866699
16,120.10873603820801
17,129.19579887390137
18,117.11471939086914
19,81.99557161331177
