gen,time
0,65.92443180084229
1,91.35882258415222
2,115.16843056678772
3,171.24442148208618
4,166.92865443229675
5,182.32854104042053
6,231.323881149292
7,320.0252845287323
8,334.7333881855011
9,324.56525683403015
10,265.5242590904236
11,293.14371633529663
12,350.5723099708557
13,288.8528082370758
14,322.3454706668854
15,313.1413917541504
16,357.9729645252228
17,283.83757424354553
18,274.9938361644745
19,346.8502712249756
