gen,time
0,42.89027404785156
1,64.22408676147461
2,79.05151295661926
3,126.72766613960266
4,124.10431909561157
5,215.2752411365509
6,177.5762162208557
7,154.12982273101807
8,201.9632797241211
9,197.18502473831177
10,220.31933522224426
11,192.11159014701843
12,515.2393035888672
13,567.9916338920593
14,1033.6242430210114
15,203.96389532089233
16,250.1198627948761
17,225.1867332458496
18,199.72510766983032
19,330.524539232254
