gen,time
0,58.233453035354614
1,61.03129005432129
2,142.54142785072327
3,147.81617736816406
4,206.68883275985718
5,288.3069894313812
6,307.0226557254791
7,259.48410749435425
8,368.5259211063385
9,371.8950228691101
10,267.6183066368103
11,453.5692422389984
12,408.2056224346161
13,358.1475648880005
14,436.05178904533386
15,482.2295870780945
16,360.6645555496216
17,484.857789516449
18,958.8259449005127
19,433.76378297805786
