gen,usage
0,354.2734375
1,354.2734375
2,354.2734375
3,354.2734375
4,354.2734375
5,354.2734375
6,358.1015625
7,358.1015625
8,358.1015625
9,358.1015625
10,358.1015625
11,358.1015625
12,358.1015625
13,358.1015625
14,358.1015625
15,358.1015625
16,358.1015625
17,358.1015625
18,358.1015625
19,358.1015625
