gen,time
0,54.677377223968506
1,136.3777322769165
2,78.53256130218506
3,143.26493644714355
4,167.49920225143433
5,333.06167340278625
6,156.40788912773132
7,138.4531226158142
8,132.58671236038208
9,205.77773928642273
10,286.18342757225037
11,314.58523988723755
12,308.88866209983826
13,236.40358591079712
14,304.4326798915863
15,247.5629563331604
16,281.0216166973114
17,218.2245807647705
18,208.5154526233673
19,205.49444460868835
