gen,time
0,56.11908769607544
1,52.895081996917725
2,82.2116208076477
3,99.50942158699036
4,114.04473924636841
5,129.74935507774353
6,163.26848101615906
7,201.60388827323914
8,389.9351155757904
9,242.9837532043457
10,352.9094977378845
11,229.52165269851685
12,314.91603112220764
13,249.69993019104004
14,258.5206983089447
15,434.3723077774048
16,965.7047207355499
17,469.6784574985504
18,635.0997138023376
19,592.2166419029236
