gen,time
0,52.76495385169983
1,50.95928406715393
2,88.7461588382721
3,102.31869101524353
4,162.34749960899353
5,176.45462346076965
6,185.71695184707642
7,202.54127049446106
8,200.60821390151978
9,195.31344199180603
10,235.88312792778015
11,219.47360229492188
12,263.6825921535492
13,313.92122173309326
14,362.9319245815277
15,346.6105954647064
16,376.52093291282654
17,320.25015592575073
18,240.09932708740234
19,233.8709909915924
