gen,usage
0,439.58984375
1,439.58984375
2,439.58984375
3,439.58984375
4,439.58984375
5,439.58984375
6,439.58984375
7,439.58984375
8,439.58984375
9,439.58984375
10,439.58984375
11,439.58984375
12,439.58984375
13,439.58984375
14,439.58984375
15,439.58984375
16,439.58984375
17,439.58984375
18,439.58984375
19,439.58984375
