gen,time
0,57.76073145866394
1,44.08977770805359
2,73.59736561775208
3,155.77207469940186
4,145.35602688789368
5,121.27418065071106
6,167.72943830490112
7,206.34276580810547
8,244.1918694972992
9,368.8343210220337
10,214.54817843437195
11,218.06630516052246
12,265.3541638851166
13,383.3190290927887
14,340.9105944633484
15,409.9718642234802
16,348.5530593395233
17,1042.2585816383362
18,590.3018898963928
19,520.726065158844
