gen,usage
0,385.94140625
1,385.94140625
2,385.94140625
3,385.94140625
4,385.94140625
5,385.94140625
6,385.94140625
7,385.94140625
8,385.94140625
9,385.94140625
10,385.94140625
11,385.94140625
12,385.94140625
13,385.94140625
14,385.94140625
15,385.94140625
16,385.94140625
17,385.94140625
18,385.94140625
19,385.94140625
