gen,time
0,72.78919911384583
1,121.70658659934998
2,211.55968022346497
3,167.05353593826294
4,208.28594493865967
5,210.97778129577637
6,240.74887871742249
7,282.76181507110596
8,283.37819385528564
9,460.317645072937
10,609.8974750041962
11,806.6107912063599
12,559.9005279541016
13,817.9218242168427
14,822.8256859779358
15,803.9880664348602
16,933.5845623016357
17,696.3417675495148
18,544.2264738082886
19,836.444020986557
