gen,time
0,37.04536437988281
1,41.81176567077637
2,66.47742533683777
3,83.7001428604126
4,90.8476014137268
5,145.95838069915771
6,186.0096218585968
7,179.23317098617554
8,184.00773859024048
9,190.01583075523376
10,201.85330080986023
11,154.72324514389038
12,204.1207468509674
13,240.74180722236633
14,293.65359711647034
15,253.0948703289032
16,266.0583584308624
17,291.9135477542877
18,222.30892777442932
19,280.3277690410614
