gen,time
0,51.20670413970947
1,48.4804322719574
2,61.64099454879761
3,91.60769295692444
4,120.75519943237305
5,154.29126000404358
6,159.15613651275635
7,156.63565278053284
8,155.73233342170715
9,129.5450599193573
10,85.43609547615051
11,93.13546061515808
12,72.19684076309204
13,102.44817042350769
14,79.9110689163208
15,113.55564022064209
16,107.86633849143982
17,147.21163940429688
18,161.4733726978302
19,140.67021703720093
