gen,time
0,90.23936653137207
1,99.05203342437744
2,179.4334056377411
3,186.16101813316345
4,254.23668885231018
5,232.73568987846375
6,260.7127242088318
7,190.90126204490662
8,278.007609128952
9,279.9328782558441
10,287.7682480812073
11,290.50698375701904
12,304.60412764549255
13,353.25575828552246
14,352.86281085014343
15,310.5424814224243
16,480.25709438323975
17,316.2844486236572
18,425.8932876586914
19,377.5341546535492
