gen,time
0,46.163206577301025
1,67.90646195411682
2,96.56953310966492
3,173.54690623283386
4,282.29804015159607
5,307.442923784256
6,240.62005400657654
7,461.59429478645325
8,443.83131670951843
9,476.319926738739
10,149.75044631958008
11,318.50418734550476
12,112.10514855384827
13,147.5279667377472
14,151.99465584754944
15,206.53393387794495
16,168.1984887123108
17,163.52427506446838
18,145.03498244285583
19,153.08305144309998
