gen,time
0,83.33377623558044
1,110.34876275062561
2,165.14245343208313
3,130.0065951347351
4,140.69385409355164
5,215.2254183292389
6,166.58111667633057
7,217.19913005828857
8,228.72089529037476
9,265.1849641799927
10,173.36947584152222
11,214.82275223731995
12,221.22849774360657
13,242.5986008644104
14,249.49675583839417
15,233.29022860527039
16,213.12646865844727
17,221.8048825263977
18,256.4236407279968
19,208.7843976020813
