gen,time
0,41.867284536361694
1,30.862894773483276
2,76.43449401855469
3,73.01827478408813
4,133.9322247505188
5,158.40633749961853
6,116.03645372390747
7,151.73362135887146
8,134.73318195343018
9,214.08592677116394
10,172.69711780548096
11,243.69512939453125
12,415.40066862106323
13,445.1629559993744
14,441.0983078479767
15,668.529798746109
16,401.46284890174866
17,742.1057767868042
18,301.3795557022095
19,192.75432872772217
