gen,time
0,58.46893572807312
1,92.61855125427246
2,122.44625353813171
3,175.5798568725586
4,709.5622608661652
5,66.27171611785889
6,115.26883506774902
7,60.0361647605896
8,124.2620062828064
9,45.7955596446991
10,89.9907877445221
11,89.83480834960938
12,97.73405623435974
13,141.5323450565338
14,142.1369023323059
15,227.02376580238342
16,214.42114782333374
17,314.7852153778076
18,212.4590880870819
19,175.9955439567566
