gen,time
0,59.36400103569031
1,91.86761951446533
2,275.7685959339142
3,207.30900478363037
4,839.1824977397919
5,81.61363959312439
6,57.34758257865906
7,45.60076117515564
8,82.2922911643982
9,90.33541893959045
10,93.16552925109863
11,154.70902681350708
12,183.47357821464539
13,258.65713000297546
14,440.435889005661
15,182.90398645401
16,258.59241461753845
17,300.27777457237244
18,294.22187542915344
19,289.2791368961334
