gen,time
0,66.01323366165161
1,68.27054452896118
2,18.675866842269897
3,125.2270495891571
4,148.07876133918762
5,126.03861927986145
6,159.0701208114624
7,189.1106128692627
8,225.04406070709229
9,135.5975363254547
10,191.42084550857544
11,155.69152450561523
12,150.0799868106842
13,157.79007291793823
14,177.26007294654846
15,170.26249599456787
16,173.2655394077301
17,134.8554184436798
18,239.58329486846924
19,193.16476011276245
