gen,usage
0,406.1328125
1,406.1328125
2,406.1328125
3,406.1328125
4,406.1328125
5,406.1328125
6,406.1328125
7,406.1328125
8,406.1328125
9,406.1328125
10,406.1328125
11,406.1328125
12,406.1328125
13,406.1328125
14,406.1328125
15,406.1328125
16,406.1328125
17,406.1328125
18,406.1328125
19,406.1328125
