gen,time
0,49.942362546920776
1,72.49721026420593
2,99.43026924133301
3,76.85726523399353
4,97.02984261512756
5,148.88256669044495
6,156.18402361869812
7,226.74435305595398
8,188.13467693328857
9,259.13076734542847
10,1441.5053124427795
11,196.97302269935608
12,884.9609816074371
13,297.40948390960693
14,404.8651704788208
15,233.87978315353394
16,159.63337969779968
17,121.08344674110413
18,296.0256943702698
19,140.76224493980408
