gen,time
0,85.80244278907776
1,87.96880531311035
2,112.0734052658081
3,115.67092990875244
4,169.71678519248962
5,285.06690859794617
6,950.1417198181152
7,402.65304160118103
8,333.76481890678406
9,795.9344005584717
10,578.2522950172424
11,170.1574935913086
12,151.67848801612854
13,174.28771543502808
14,323.20462346076965
15,374.1528034210205
16,501.6459696292877
17,1178.0548310279846
18,725.3775262832642
19,613.2269988059998
