gen,usage
0,375.5
1,375.5
2,375.5
3,375.50390625
4,375.50390625
5,375.50390625
6,375.50390625
7,375.50390625
8,375.50390625
9,375.50390625
10,375.50390625
11,375.50390625
12,375.50390625
13,375.50390625
14,375.50390625
15,375.50390625
16,375.50390625
17,375.50390625
18,375.50390625
19,375.50390625
