gen,time
0,59.137136459350586
1,79.38897633552551
2,149.30322694778442
3,106.26429867744446
4,168.5937945842743
5,119.94001317024231
6,89.68438172340393
7,112.59558057785034
8,101.76544642448425
9,93.55311870574951
10,116.50381088256836
11,102.37543606758118
12,117.81853008270264
13,83.02678751945496
14,109.13286519050598
15,90.76659059524536
16,140.3624346256256
17,109.89698386192322
18,325.78830909729004
19,76.08975338935852
