gen,usage
0,417.92578125
1,417.92578125
2,417.92578125
3,417.92578125
4,417.92578125
5,417.92578125
6,417.92578125
7,417.92578125
8,417.92578125
9,417.92578125
10,417.92578125
11,417.92578125
12,417.92578125
13,417.92578125
14,417.92578125
15,417.92578125
16,417.92578125
17,417.92578125
18,417.92578125
19,417.92578125
