gen,time
0,59.605194330215454
1,84.3471610546112
2,122.0850875377655
3,41.419525146484375
4,74.7818922996521
5,210.7623815536499
6,366.1102669239044
7,23.296518802642822
8,54.80256128311157
9,66.23096776008606
10,80.33136749267578
11,221.11013746261597
12,227.26478052139282
13,340.48380303382874
14,41.504491090774536
15,34.00067138671875
16,87.90298819541931
17,102.94055461883545
18,61.65746808052063
19,58.98577260971069
