gen,time
0,53.9728569984436
1,48.59090852737427
2,45.88716173171997
3,90.7417619228363
4,78.43446183204651
5,37.10092210769653
6,74.40181183815002
7,114.9176013469696
8,61.27427268028259
9,77.43669509887695
10,68.74559545516968
11,17.9918212890625
12,60.166356563568115
13,29.72956943511963
14,25.557281494140625
15,32.49926209449768
16,34.63409423828125
17,31.24182415008545
18,35.34545683860779
19,38.97607445716858
