gen,usage
0,391.2421875
1,391.2421875
2,391.2421875
3,391.2421875
4,391.2421875
5,382.60546875
6,382.60546875
7,382.60546875
8,382.60546875
9,382.60546875
10,382.60546875
11,382.60546875
12,382.60546875
13,382.60546875
14,382.60546875
15,382.60546875
16,382.60546875
17,382.60546875
18,382.60546875
19,382.60546875
