gen,time
0,34.01791954040527
1,43.21332383155823
2,37.55590605735779
3,45.555301666259766
4,78.26090002059937
5,290.1221706867218
6,136.04964065551758
7,224.71282196044922
8,239.67421054840088
9,324.67884373664856
10,489.03600120544434
11,400.6541919708252
12,302.65094089508057
13,382.73815178871155
14,555.372049331665
15,247.71654391288757
16,292.08965516090393
17,342.30224990844727
18,335.1078944206238
19,1768.460378408432
