gen,time
0,69.93368911743164
1,50.309372663497925
2,83.66133952140808
3,135.9719865322113
4,164.50407528877258
5,80.49442601203918
6,119.5052535533905
7,129.1203851699829
8,128.9907727241516
9,155.28945541381836
10,132.9187352657318
11,151.4684500694275
12,146.67284989356995
13,158.3000249862671
14,143.32594227790833
15,126.53367614746094
16,64.20990896224976
17,179.9004499912262
18,172.77299237251282
19,69.10445308685303
