gen,time
0,50.5222008228302
1,41.41920208930969
2,69.824547290802
3,73.57567071914673
4,102.1833827495575
5,25.12079882621765
6,29.46386456489563
7,23.131481170654297
8,31.234556674957275
9,49.116446018218994
10,76.99202871322632
11,82.94884610176086
12,55.114373207092285
13,78.46582055091858
14,62.17969727516174
15,87.06715130805969
16,33.29218888282776
17,33.24763464927673
18,37.12515592575073
19,38.60162568092346
