gen,time
0,47.02132987976074
1,52.90626096725464
2,73.94470071792603
3,103.39087963104248
4,100.88490009307861
5,122.89320254325867
6,52.64835834503174
7,224.03612899780273
8,70.65603470802307
9,147.28830361366272
10,140.72070693969727
11,151.2992856502533
12,138.6881308555603
13,34.93807578086853
14,95.51496267318726
15,125.61459684371948
16,41.84897541999817
17,63.22947382926941
18,71.13728904724121
19,69.44168663024902
