gen,time
0,43.74330687522888
1,53.935657024383545
2,83.19945955276489
3,19.524351835250854
4,8.102380514144897
5,31.04155397415161
6,20.282509565353394
7,17.571024656295776
8,30.675997734069824
9,51.966742753982544
10,109.10358452796936
11,234.17061924934387
12,184.38187885284424
13,74.74478101730347
14,70.90384030342102
15,60.50679397583008
16,714.1403384208679
17,108.00165462493896
18,48.84017205238342
19,49.128525733947754
