gen,time
0,47.914124727249146
1,52.22850728034973
2,89.06147980690002
3,86.29941725730896
4,194.08259916305542
5,204.6504991054535
6,202.90047407150269
7,177.50391745567322
8,279.59340929985046
9,81.55604195594788
10,69.54843926429749
11,96.04652857780457
12,143.52865362167358
13,112.66561245918274
14,157.3534197807312
15,116.29310297966003
16,207.68169569969177
17,156.14825654029846
18,290.28601145744324
19,175.33043432235718
