gen,time
0,82.00936579704285
1,130.96734976768494
2,182.43369460105896
3,199.53466701507568
4,287.4340646266937
5,131.69575786590576
6,352.873943567276
7,365.9155173301697
8,423.9697279930115
9,555.5678842067719
10,282.82457447052
11,333.98304176330566
12,478.0186138153076
13,425.244509935379
14,414.9863634109497
15,342.345689535141
16,364.7012996673584
17,546.9088134765625
18,356.77271795272827
19,328.48720264434814
