gen,time
0,66.34117031097412
1,80.67261362075806
2,150.25352001190186
3,311.7466769218445
4,235.01326060295105
5,325.5194091796875
6,383.1967034339905
7,312.5371685028076
8,232.41015768051147
9,383.721266746521
10,230.35423803329468
11,319.65899634361267
12,279.9774920940399
13,375.75136375427246
14,2062.818728685379
15,260.0358295440674
16,1246.9162225723267
17,401.5216681957245
18,460.00037240982056
19,692.1573650836945
