gen,time
0,45.02826547622681
1,39.68199419975281
2,45.42379856109619
3,60.31192088127136
4,85.23828673362732
5,61.69939994812012
6,58.2317955493927
7,33.54124879837036
8,51.64393353462219
9,332.11140036582947
10,90.10829615592957
11,95.54880547523499
12,94.83169984817505
13,103.13364958763123
14,56.74806356430054
15,118.39333915710449
16,50.823591470718384
17,83.51007032394409
18,348.1332976818085
19,179.23502016067505
