gen,time
0,84.96981358528137
1,77.69773745536804
2,56.03455305099487
3,97.34353303909302
4,103.0029935836792
5,119.70445799827576
6,89.72412037849426
7,65.66962170600891
8,66.76647090911865
9,138.24661254882812
10,87.60337591171265
11,172.56590270996094
12,110.48314261436462
13,247.6043722629547
14,98.98947858810425
15,152.75397300720215
16,96.2808792591095
17,153.8768343925476
18,586.9469821453094
19,117.53448700904846
