gen,time
0,49.947163343429565
1,59.31048345565796
2,117.25778079032898
3,127.15342831611633
4,107.8594331741333
5,201.31047916412354
6,232.33364272117615
7,357.35835313796997
8,315.6433527469635
9,290.4260094165802
10,276.26275086402893
11,302.04153752326965
12,234.38721299171448
13,137.0051465034485
14,256.59391021728516
15,266.3700838088989
16,242.22012495994568
17,248.26684856414795
18,154.88623142242432
19,238.27956104278564
