gen,time
0,54.51103067398071
1,62.014238119125366
2,112.78111934661865
3,111.45600032806396
4,164.50521206855774
5,133.27177715301514
6,86.17126417160034
7,280.6716523170471
8,154.07890701293945
9,55.67603588104248
10,197.1118152141571
11,307.29831099510193
12,366.946302652359
13,1091.8154892921448
14,508.09950590133667
15,501.75840759277344
16,369.4079873561859
17,1326.812175989151
18,273.2735939025879
19,387.4715414047241
