gen,time
0,69.07529544830322
1,71.15634894371033
2,98.90224194526672
3,124.67817068099976
4,121.63462662696838
5,79.9203577041626
6,785.0652391910553
7,128.3832597732544
8,163.0124077796936
9,105.31787896156311
10,115.97228574752808
11,109.19684028625488
12,84.68635988235474
13,145.05527138710022
14,211.29576683044434
15,82.67472672462463
16,201.0024299621582
17,103.3725311756134
18,66.15023994445801
19,118.83047032356262
