gen,time
0,53.75659537315369
1,70.13241410255432
2,86.55368947982788
3,186.73345255851746
4,121.54551482200623
5,63.465373039245605
6,158.58716917037964
7,171.66101169586182
8,161.31906390190125
9,165.17709875106812
10,129.13360810279846
11,228.2621624469757
12,249.97080039978027
13,201.31202626228333
14,219.46605110168457
15,292.90233635902405
16,95.47941827774048
17,141.5102620124817
18,121.53573560714722
19,97.3715226650238
