gen,time
0,46.380110025405884
1,47.30656337738037
2,154.98684811592102
3,221.77436208724976
4,215.09541511535645
5,249.7960000038147
6,190.1945481300354
7,227.12565755844116
8,790.709689617157
9,181.27941703796387
10,270.46867775917053
11,181.3555669784546
12,171.62147426605225
13,202.45655941963196
14,203.12441635131836
15,221.53136539459229
16,186.8348696231842
17,91.81931948661804
18,87.24797368049622
19,172.2615282535553
