gen,time
0,185.7903437614441
1,159.38230562210083
2,324.62435030937195
3,780.9336652755737
4,203.6930124759674
5,183.89847874641418
6,234.89000797271729
7,210.4288580417633
8,196.0351583957672
9,217.84260845184326
10,175.7090802192688
11,560.1915686130524
12,134.71449398994446
13,111.39537692070007
14,152.83245038986206
15,198.30368375778198
16,195.96003222465515
17,82.528489112854
18,52.23673868179321
19,60.40636920928955
