gen,time
0,54.61150908470154
1,65.49029231071472
2,79.22234106063843
3,66.22997045516968
4,96.15402412414551
5,162.21744513511658
6,79.85623049736023
7,75.61454892158508
8,84.62700700759888
9,225.41072130203247
10,115.55318593978882
11,53.233928203582764
12,68.35307025909424
13,176.70548033714294
14,209.54713678359985
15,149.34235644340515
16,488.065856218338
17,355.35707330703735
18,261.72801184654236
19,930.9651749134064
