gen,time
0,88.96819686889648
1,105.03651690483093
2,126.94726824760437
3,280.54656958580017
4,536.096922159195
5,98.74202060699463
6,129.89552450180054
7,119.08465147018433
8,152.2648766040802
9,94.5164065361023
10,154.49061703681946
11,122.33254146575928
12,162.46298122406006
13,248.5172038078308
14,213.3727707862854
15,199.16782188415527
16,72.79234313964844
17,97.70421171188354
18,84.01139688491821
19,169.53055334091187
