gen,time
0,40.740288972854614
1,68.4702513217926
2,111.12161898612976
3,209.4525182247162
4,273.62334990501404
5,944.6412482261658
6,288.6943917274475
7,1006.8559994697571
8,267.9122350215912
9,291.3886294364929
10,379.90685081481934
11,267.70937728881836
12,640.7423720359802
13,327.427875995636
14,888.0510594844818
15,359.4210228919983
16,808.128445148468
17,174.4887092113495
18,271.4173321723938
19,319.23735332489014
