gen,time
0,61.11606311798096
1,64.53373217582703
2,144.95898127555847
3,173.11921977996826
4,168.59867787361145
5,688.8615458011627
6,52.00451683998108
7,83.44799780845642
8,109.91468048095703
9,71.92574191093445
10,86.41503953933716
11,88.85395193099976
12,113.20137119293213
13,78.68412065505981
14,41.12802743911743
15,61.13752603530884
16,128.94837522506714
17,118.4927167892456
18,123.92036437988281
19,137.29152727127075
