gen,time
0,83.83688998222351
1,58.1444365978241
2,117.75858879089355
3,85.2814462184906
4,285.4520547389984
5,82.04573917388916
6,65.13998651504517
7,69.9856026172638
8,71.67900562286377
9,59.82677674293518
10,72.01296782493591
11,300.63695788383484
12,75.94383144378662
13,79.42465877532959
14,124.043616771698
15,334.38894844055176
16,290.4823169708252
17,84.46391034126282
18,76.3069920539856
19,108.80648016929626
