gen,time
0,35.559959411621094
1,70.78922867774963
2,91.85667705535889
3,72.42429757118225
4,182.35839462280273
5,273.3259699344635
6,308.81221175193787
7,347.0130853652954
8,515.134715795517
9,3658.878520488739
10,2030.224907875061
11,4067.9112639427185
12,3109.0304987430573
13,3075.7457106113434
14,2302.120975255966
15,2567.416195869446
16,4573.471563577652
17,3323.205139398575
18,3696.7864599227905
19,2634.588269472122
