gen,time
0,30.50811457633972
1,39.970335721969604
2,44.069910526275635
3,89.13056111335754
4,94.97841787338257
5,201.4846794605255
6,233.25314235687256
7,287.6323525905609
8,100.12300610542297
9,314.7036929130554
10,211.7866494655609
11,216.21188473701477
12,232.87030577659607
13,255.50797414779663
14,240.48040008544922
15,193.91374588012695
16,78.03097867965698
17,39.908668994903564
18,59.39746141433716
19,51.61582040786743
