gen,usage
0,507.91796875
1,507.91796875
2,507.91796875
3,507.91796875
4,507.91796875
5,507.91796875
6,507.91796875
7,507.91796875
8,507.91796875
9,507.91796875
10,507.91796875
11,516.69140625
12,485.7578125
13,488.99609375
14,488.99609375
15,488.99609375
16,488.99609375
17,488.99609375
18,488.99609375
19,488.99609375
