gen,time
0,57.36654448509216
1,80.38876867294312
2,169.3403606414795
3,171.709623336792
4,213.7632372379303
5,347.3294382095337
6,645.9630262851715
7,478.2824034690857
8,298.51581954956055
9,246.19220781326294
10,140.06335711479187
11,140.5845627784729
12,89.8582992553711
13,90.05294847488403
14,158.69308233261108
15,136.82032704353333
16,159.03200221061707
17,182.97534894943237
18,276.61807513237
19,276.1102638244629
