gen,time
0,62.003692865371704
1,93.6614625453949
2,54.835373640060425
3,60.301928997039795
4,78.76631331443787
5,70.73622131347656
6,98.02496266365051
7,50.52720308303833
8,125.05648970603943
9,53.662102699279785
10,176.68307757377625
11,139.66860365867615
12,231.26185607910156
13,155.76197338104248
14,196.59634566307068
15,203.30527186393738
16,188.99191856384277
17,162.3786005973816
18,141.61814951896667
19,238.67065143585205
