gen,usage
0,502.30859375
1,502.30859375
2,502.30859375
3,502.30859375
4,502.30859375
5,502.30859375
6,502.30859375
7,502.30859375
8,502.30859375
9,502.30859375
10,502.30859375
11,502.30859375
12,502.30859375
13,502.30859375
14,502.30859375
15,502.30859375
16,502.30859375
17,502.30859375
18,502.30859375
19,502.30859375
