gen,time
0,128.21345376968384
1,135.92785787582397
2,455.4054534435272
3,948.6973268985748
4,1063.6005504131317
5,736.9403982162476
6,1877.4827163219452
7,342.29618668556213
8,220.69384694099426
9,416.636216878891
10,304.3254508972168
11,465.0025153160095
12,253.85238599777222
13,280.54646348953247
14,891.7930181026459
15,267.8249022960663
16,79.20082187652588
17,831.0421323776245
18,145.7486629486084
19,74.49122858047485
