gen,time
0,49.58292603492737
1,80.14122486114502
2,155.82740354537964
3,207.5374927520752
4,186.2187705039978
5,335.5191807746887
6,144.66396474838257
7,1386.584506034851
8,871.2216880321503
9,343.10157585144043
10,1007.2644474506378
11,480.07932233810425
12,529.2608511447906
13,304.81183910369873
14,284.14725613594055
15,328.13905477523804
16,544.7357206344604
17,408.3704574108124
18,1162.7866904735565
19,955.8837053775787
