gen,time
0,75.0400595664978
1,91.94768857955933
2,63.60783934593201
3,37.073582887649536
4,53.541765213012695
5,49.65822649002075
6,78.97650671005249
7,88.22245287895203
8,134.60621643066406
9,133.94331240653992
10,124.82397294044495
11,171.3542172908783
12,111.09473514556885
13,140.61652421951294
14,118.87984204292297
15,102.84032392501831
16,436.7830698490143
17,68.26455545425415
18,281.92155265808105
19,273.11233925819397
