gen,time
0,53.669546604156494
1,49.81352424621582
2,59.135802030563354
3,169.2658817768097
4,180.43136644363403
5,138.1042137145996
6,224.85952758789062
7,187.75767159461975
8,87.44608569145203
9,223.4128441810608
10,193.3548822402954
11,171.08849048614502
12,62.221035957336426
13,78.02352690696716
14,86.32221126556396
15,426.6067259311676
16,750.0686342716217
17,627.5239312648773
18,1601.4155447483063
19,933.3871765136719
