gen,time
0,85.52065014839172
1,81.60282039642334
2,40.927653551101685
3,95.40000295639038
4,80.61361002922058
5,54.67482876777649
6,128.1815423965454
7,99.23906350135803
8,169.78695011138916
9,788.8849351406097
10,753.1545071601868
11,837.9032056331635
12,609.3434569835663
13,1031.6119410991669
14,49.695351362228394
15,65.59521150588989
16,162.08777284622192
17,329.84930443763733
18,112.46175289154053
19,187.2242202758789
