gen,time
0,46.57132005691528
1,40.40232586860657
2,114.56881475448608
3,94.58907961845398
4,71.62325310707092
5,158.14522171020508
6,133.45623445510864
7,141.43992471694946
8,149.05256605148315
9,49.90746355056763
10,36.380571603775024
11,85.11549758911133
12,58.52235126495361
13,53.62590765953064
14,137.06835293769836
15,100.26376557350159
16,113.3613805770874
17,46.66602635383606
18,98.10434794425964
19,121.87257361412048
