gen,time
0,131.68957591056824
1,160.3771071434021
2,201.26704144477844
3,135.81538128852844
4,206.57729268074036
5,128.81905841827393
6,35.16326379776001
7,35.43658781051636
8,27.649795293807983
9,27.139132499694824
10,67.57767724990845
11,34.85614371299744
12,37.53727388381958
13,24.497232913970947
14,32.05609464645386
15,33.23144268989563
16,20.461215019226074
17,23.275794744491577
18,28.363961219787598
19,58.75474667549133
