gen,time
0,60.28478240966797
1,73.87193512916565
2,104.34385204315186
3,74.42615628242493
4,78.28364777565002
5,83.22204232215881
6,140.08791756629944
7,557.4092829227448
8,93.37948942184448
9,102.0701265335083
10,85.16987633705139
11,93.03953695297241
12,93.56976842880249
13,60.034053564071655
14,70.94251775741577
15,122.47824692726135
16,156.0607554912567
17,175.45091223716736
18,157.44746947288513
19,270.23255944252014
