gen,time
0,172.4646544456482
1,235.23747944831848
2,415.4327549934387
3,89.36640882492065
4,113.75000381469727
5,103.05334830284119
6,145.8088023662567
7,118.44706535339355
8,204.95956540107727
9,131.24124884605408
10,175.27982807159424
11,156.4677963256836
12,252.56675004959106
13,243.79131865501404
14,181.97667026519775
15,220.13852524757385
16,192.60587620735168
17,221.0399181842804
18,242.30390763282776
19,193.68287062644958
