gen,time
0,56.374959230422974
1,64.5003113746643
2,50.226797580718994
3,466.7332091331482
4,136.20407366752625
5,126.57517170906067
6,92.4343626499176
7,122.34976577758789
8,84.6100902557373
9,87.49840092658997
10,113.6606798171997
11,188.11441087722778
12,209.07976722717285
13,157.89631247520447
14,230.28559732437134
15,208.79679417610168
16,196.54176831245422
17,220.2134621143341
18,267.520405292511
19,147.5491178035736
