gen,time
0,53.254069566726685
1,61.66323900222778
2,267.045396566391
3,150.56518149375916
4,132.54409980773926
5,153.61834740638733
6,145.19035983085632
7,82.21061396598816
8,121.17383241653442
9,234.7444784641266
10,306.8449492454529
11,197.56226205825806
12,292.0766978263855
13,276.48194670677185
14,357.19847226142883
15,225.44673442840576
16,339.75657296180725
17,335.27754759788513
18,362.46729350090027
19,277.18488907814026
