gen,time
0,58.44685196876526
1,46.93876552581787
2,131.24855184555054
3,128.1874406337738
4,150.23714566230774
5,196.23271441459656
6,153.35570859909058
7,256.4405734539032
8,70.53128957748413
9,103.45296382904053
10,102.18643593788147
11,85.62437582015991
12,155.48192238807678
13,67.91604709625244
14,43.00702142715454
15,163.65945434570312
16,94.6094024181366
17,95.39353966712952
18,86.31000804901123
19,189.84248757362366
