gen,time
0,100.52376866340637
1,79.21841049194336
2,33.97298049926758
3,60.31054186820984
4,119.58540272712708
5,89.1730170249939
6,45.230186462402344
7,65.60025572776794
8,85.54474401473999
9,155.32970142364502
10,101.1120674610138
11,139.0315272808075
12,100.53732085227966
13,91.8382351398468
14,140.41787028312683
15,124.53355860710144
16,179.411283493042
17,145.92610788345337
18,98.19655418395996
19,246.55083870887756
