gen,usage
0,438.64453125
1,438.64453125
2,438.64453125
3,438.64453125
4,438.64453125
5,438.64453125
6,438.64453125
7,438.64453125
8,438.64453125
9,438.64453125
10,438.64453125
11,438.64453125
12,438.64453125
13,438.64453125
14,438.64453125
15,438.64453125
16,438.64453125
17,438.64453125
18,438.64453125
19,438.64453125
