gen,time
0,64.58297562599182
1,58.021838665008545
2,52.39496684074402
3,95.36984014511108
4,91.19534850120544
5,151.47973346710205
6,108.59203171730042
7,203.93911218643188
8,105.19408917427063
9,113.03048157691956
10,67.55141639709473
11,84.60431265830994
12,135.1572666168213
13,95.70816493034363
14,106.44415593147278
15,160.31063580513
16,133.1773703098297
17,101.36862969398499
18,142.558039188385
19,100.84507250785828
