gen,time
0,69.57854723930359
1,107.88173007965088
2,94.02418494224548
3,144.4184012413025
4,132.86832571029663
5,151.92993664741516
6,124.1386821269989
7,186.56200742721558
8,118.45182347297668
9,160.23548769950867
10,161.24172163009644
11,87.16202688217163
12,159.1687023639679
13,177.88133311271667
14,128.77855920791626
15,112.37997388839722
16,123.45789122581482
17,160.30541491508484
18,191.06907272338867
19,419.8568515777588
