gen,time
0,65.11886382102966
1,81.36323118209839
2,217.9848861694336
3,139.39748072624207
4,135.64964985847473
5,195.9084837436676
6,147.82756447792053
7,121.50720643997192
8,105.4805076122284
9,91.14542078971863
10,125.0123119354248
11,505.05110931396484
12,56.25455379486084
13,68.00371718406677
14,56.66778063774109
15,114.39273858070374
16,102.00662279129028
17,137.00854635238647
18,180.66639494895935
19,122.465585231781
