gen,time
0,79.35970139503479
1,71.19752097129822
2,119.48939371109009
3,66.20180296897888
4,43.50353169441223
5,109.81198072433472
6,69.1044864654541
7,21.019455432891846
8,28.12938117980957
9,62.99168539047241
10,35.60002064704895
11,64.42920660972595
12,74.15667176246643
13,55.02297019958496
14,120.37806582450867
15,138.86301851272583
16,123.40310072898865
17,146.0518684387207
18,201.4837245941162
19,247.26933217048645
