gen,time
0,59.673429012298584
1,83.0910177230835
2,181.20786833763123
3,75.45837926864624
4,83.38853454589844
5,161.36547994613647
6,192.7424144744873
7,233.95084500312805
8,216.4187593460083
9,92.03125929832458
10,77.9940094947815
11,155.23790621757507
12,102.45056819915771
13,127.53801584243774
14,75.01903343200684
15,180.0829951763153
16,277.46528244018555
17,239.14831376075745
18,315.5145423412323
19,185.07335138320923
