gen,time
0,52.603739738464355
1,62.989381551742554
2,75.26153564453125
3,51.35088777542114
4,77.78384041786194
5,74.13993215560913
6,82.80265021324158
7,98.83195519447327
8,111.94087338447571
9,122.49355435371399
10,85.44673252105713
11,200.9344687461853
12,239.06165742874146
13,934.9872493743896
14,247.17373609542847
15,327.2467727661133
16,288.5705187320709
17,281.87610387802124
18,322.72622084617615
19,377.440226316452
