gen,time
0,61.96570587158203
1,48.79361152648926
2,82.69131660461426
3,48.41640281677246
4,68.87493658065796
5,210.7871482372284
6,239.02672171592712
7,251.13966846466064
8,306.04643964767456
9,216.22011733055115
10,312.43501114845276
11,248.0474874973297
12,261.58889269828796
13,337.97997856140137
14,280.47283458709717
15,684.7338447570801
16,43.3465051651001
17,72.0497932434082
18,61.48557639122009
19,38.64201331138611
