gen,time
0,47.50632119178772
1,61.03431797027588
2,48.89734387397766
3,128.7569601535797
4,96.48815059661865
5,127.89451670646667
6,183.30748677253723
7,395.7665605545044
8,112.8159613609314
9,128.8304431438446
10,148.17360949516296
11,87.54282689094543
12,107.55590605735779
13,140.24743461608887
14,141.2339425086975
15,68.75844216346741
16,158.1292369365692
17,421.5018229484558
18,49.683156967163086
19,69.0194787979126
