gen,time
0,72.49855160713196
1,69.96179103851318
2,88.68383049964905
3,97.42187285423279
4,111.14480566978455
5,136.20227193832397
6,124.3033058643341
7,58.229339599609375
8,48.6991982460022
9,68.41582322120667
10,63.811389446258545
11,48.692002058029175
12,58.71841812133789
13,51.3326370716095
14,54.993346214294434
15,116.69224333763123
16,193.2802758216858
17,134.41815876960754
18,145.56427025794983
19,150.60629963874817
