gen,time
0,202.0864737033844
1,449.09146428108215
2,265.32104420661926
3,135.4972219467163
4,861.488897562027
5,82.2335696220398
6,91.90946054458618
7,128.2542986869812
8,119.0173819065094
9,82.14430522918701
10,84.006019115448
11,119.35361242294312
12,475.6879005432129
13,149.9157793521881
14,87.5637059211731
15,106.2732834815979
16,667.5004358291626
17,464.4160165786743
18,165.44389939308167
19,348.24191522598267
