gen,usage
0,378.9765625
1,378.9765625
2,378.9765625
3,378.9765625
4,378.9765625
5,378.9765625
6,378.9765625
7,378.9765625
8,378.9765625
9,378.9765625
10,378.9765625
11,378.9765625
12,378.9765625
13,378.9765625
14,356.8125
15,356.8125
16,361.98046875
17,362.9765625
18,362.9765625
19,362.9765625
