gen,time
0,79.3766405582428
1,128.665757894516
2,252.6045753955841
3,508.72867465019226
4,299.5028648376465
5,351.1886782646179
6,328.31103777885437
7,402.0369408130646
8,319.9480040073395
9,477.8163032531738
10,838.7486515045166
11,928.732931137085
12,568.3810801506042
13,1219.5417742729187
14,1657.972406387329
15,940.111364364624
16,2098.1711452007294
17,461.93039536476135
18,598.2073998451233
19,584.2295241355896
