gen,time
0,83.13023924827576
1,120.9248378276825
2,334.9044954776764
3,407.64874172210693
4,176.80160665512085
5,89.04619073867798
6,117.36884355545044
7,181.18207597732544
8,211.96424794197083
9,130.36178135871887
10,132.7915403842926
11,100.15059232711792
12,88.43365979194641
13,135.04154682159424
14,191.52173495292664
15,176.68419790267944
16,172.10467076301575
17,134.93215107917786
18,172.05198550224304
19,193.89745450019836
