gen,usage
0,536.25
1,536.25
2,536.25
3,536.25
4,536.25
5,536.25
6,525.015625
7,525.015625
8,525.06640625
9,525.06640625
10,525.06640625
11,525.06640625
12,525.06640625
13,525.06640625
14,525.06640625
15,525.11328125
16,525.11328125
17,525.11328125
18,525.11328125
19,525.11328125
