gen,time
0,41.86019778251648
1,40.995238304138184
2,52.05987358093262
3,80.76982593536377
4,127.78356051445007
5,85.82077288627625
6,103.49429488182068
7,387.07855892181396
8,26.12857937812805
9,39.01066780090332
10,41.79518508911133
11,61.46333909034729
12,112.5070321559906
13,156.28732299804688
14,94.04352140426636
15,101.29685425758362
16,125.16588711738586
17,211.60709261894226
18,239.17120122909546
19,134.9064462184906
