gen,time
0,40.435468673706055
1,39.34612512588501
2,78.88449621200562
3,16.788447856903076
4,28.391535758972168
5,8.203794717788696
6,14.631027698516846
7,58.0050151348114
8,49.292978286743164
9,148.1268277168274
10,213.07582354545593
11,173.41298270225525
12,316.7417411804199
13,290.1204574108124
14,181.58338451385498
15,271.57754373550415
16,174.99535274505615
17,279.50669527053833
18,186.72593641281128
19,279.1931343078613
