gen,time
0,56.56285500526428
1,80.36590075492859
2,56.01566529273987
3,216.22827792167664
4,187.2790515422821
5,217.4254868030548
6,200.28454566001892
7,317.2702593803406
8,91.93414878845215
9,73.41673612594604
10,160.02417993545532
11,105.90325355529785
12,181.8077085018158
13,139.65001893043518
14,131.48295617103577
15,169.3797996044159
16,142.08501601219177
17,128.67704010009766
18,147.74047374725342
19,199.1488835811615
