gen,usage
0,340.4453125
1,340.4453125
2,340.4453125
3,341.37890625
4,345.30078125
5,345.35546875
6,345.35546875
7,345.36328125
8,345.36328125
9,345.36328125
10,345.36328125
11,345.36328125
12,345.36328125
13,345.36328125
14,345.36328125
15,345.36328125
16,345.36328125
17,345.36328125
18,345.36328125
19,345.36328125
