gen,time
0,81.77885270118713
1,68.87785291671753
2,174.80448150634766
3,637.7397863864899
4,179.29111456871033
5,182.54189610481262
6,72.14997816085815
7,64.87112998962402
8,111.45301723480225
9,124.02070045471191
10,86.43926191329956
11,73.56717491149902
12,162.80677461624146
13,129.77540016174316
14,94.65572166442871
15,103.94172668457031
16,138.11722350120544
17,105.25587821006775
18,199.63489842414856
19,217.7215485572815
