gen,time
0,51.13634657859802
1,67.41166853904724
2,73.18186354637146
3,144.12541699409485
4,121.49519205093384
5,524.2990708351135
6,143.4065704345703
7,234.0549898147583
8,65.52890658378601
9,304.4981052875519
10,136.16485857963562
11,100.77086019515991
12,88.96537375450134
13,152.37131810188293
14,82.8513195514679
15,113.90534830093384
16,93.85674524307251
17,162.68484616279602
18,214.81550550460815
19,670.4265139102936
