gen,time
0,66.69287300109863
1,92.21010613441467
2,265.9442353248596
3,104.08791041374207
4,1032.60422539711
5,663.2990727424622
6,930.1553614139557
7,223.79877519607544
8,190.21144795417786
9,293.4342920780182
10,283.0713543891907
11,641.5014111995697
12,675.8777859210968
13,1174.246583223343
14,531.8847260475159
15,1216.12886095047
16,670.492648601532
17,1313.3382091522217
18,612.836439371109
19,414.60842061042786
