gen,time
0,91.49519610404968
1,55.07156753540039
2,75.60712742805481
3,31.356662034988403
4,58.025606632232666
5,36.159642934799194
6,39.02025580406189
7,26.474324941635132
8,57.45358872413635
9,60.62261962890625
10,57.748985290527344
11,107.39032006263733
12,129.80200099945068
13,36.01496624946594
14,58.57149076461792
15,20.413891792297363
16,51.89296793937683
17,18.567304372787476
18,60.83745455741882
19,30.466659545898438
