gen,time
0,38.38272309303284
1,50.24748110771179
2,58.41899347305298
3,181.68436932563782
4,94.09826803207397
5,96.1427960395813
6,68.72564005851746
7,122.21163868904114
8,76.16186690330505
9,95.29014587402344
10,82.2798433303833
11,129.6345498561859
12,108.09652948379517
13,78.11406540870667
14,282.12759923934937
15,341.16759157180786
16,271.409316778183
17,148.35791206359863
18,206.98820424079895
19,257.6416895389557
