gen,usage
0,346.00390625
1,346.00390625
2,346.00390625
3,346.00390625
4,346.00390625
5,346.00390625
6,346.00390625
7,346.00390625
8,346.00390625
9,346.00390625
10,346.00390625
11,346.00390625
12,346.00390625
13,346.00390625
14,346.00390625
15,346.00390625
16,346.00390625
17,346.00390625
18,346.00390625
19,346.00390625
