gen,time
0,60.19881343841553
1,54.35804295539856
2,75.41423797607422
3,53.278974294662476
4,135.44446682929993
5,122.39766311645508
6,168.6443920135498
7,104.29041266441345
8,73.55219054222107
9,147.98935651779175
10,77.70786905288696
11,87.28516292572021
12,110.55916285514832
13,81.3761420249939
14,71.05959677696228
15,82.54918241500854
16,100.36919593811035
17,75.6601791381836
18,55.67052459716797
19,69.69713377952576
