gen,time
0,28.566606044769287
1,56.260926246643066
2,70.24416208267212
3,55.05382776260376
4,80.09761500358582
5,57.738503217697144
6,57.64671325683594
7,64.3520336151123
8,960.6521973609924
9,62.18103051185608
10,96.88030290603638
11,77.0093629360199
12,97.38858938217163
13,175.46878957748413
14,334.92985677719116
15,323.61760997772217
16,302.5923273563385
17,206.02582097053528
18,163.35656642913818
19,323.3861746788025
