gen,time
0,53.105706453323364
1,50.27130365371704
2,204.92967200279236
3,97.91759276390076
4,840.1970217227936
5,196.5648443698883
6,766.8051109313965
7,277.5785665512085
8,219.85173392295837
9,372.63402819633484
10,375.41420435905457
11,299.78282952308655
12,472.02039885520935
13,333.3776741027832
14,148.27131295204163
15,145.495356798172
16,163.78003859519958
17,344.17691445350647
18,564.7892367839813
19,400.1000156402588
