gen,time
0,142.25913071632385
1,134.47248315811157
2,152.3162968158722
3,267.86843967437744
4,161.9357578754425
5,102.70649600028992
6,98.54914402961731
7,133.77653455734253
8,116.52368402481079
9,99.6455192565918
10,54.61820411682129
11,63.092822313308716
12,91.8140640258789
13,68.81154823303223
14,57.937533140182495
15,116.2456464767456
16,128.42263650894165
17,64.73149466514587
18,67.32466316223145
19,55.555986404418945
