gen,time
0,65.183340549469
1,74.3471417427063
2,160.34301471710205
3,860.0584387779236
4,176.83089423179626
5,240.9655568599701
6,1010.1580255031586
7,344.98220324516296
8,465.4792459011078
9,210.3696789741516
10,345.1926865577698
11,400.047021150589
12,248.22862434387207
13,258.96023511886597
14,273.0338897705078
15,280.50380635261536
16,218.22861051559448
17,531.9298317432404
18,1040.6837313175201
19,404.480819940567
