gen,time
0,60.809818744659424
1,40.59871292114258
2,146.7583029270172
3,294.65167021751404
4,275.211683511734
5,242.24804830551147
6,52.253684997558594
7,95.56565308570862
8,142.12954330444336
9,106.52079486846924
10,97.1071126461029
11,181.07890105247498
12,140.72144317626953
13,94.9258041381836
14,111.17244172096252
15,165.92218923568726
16,274.07692527770996
17,239.4378387928009
18,217.47734713554382
19,235.2066502571106
