gen,time
0,59.99147033691406
1,81.5237443447113
2,85.930260181427
3,80.11317253112793
4,64.3529920578003
5,166.38082098960876
6,149.1391670703888
7,99.03834199905396
8,89.80093264579773
9,25.188992738723755
10,83.83619594573975
11,49.08634305000305
12,33.79353976249695
13,58.943936586380005
14,94.03912115097046
15,48.69202208518982
16,30.822248697280884
17,57.84390115737915
18,162.78300642967224
19,103.20896625518799
