gen,usage
0,457.0546875
1,457.0546875
2,457.0546875
3,457.0546875
4,457.0546875
5,457.0546875
6,457.0546875
7,457.0546875
8,457.0546875
9,457.0546875
10,457.05859375
11,457.05859375
12,457.05859375
13,457.05859375
14,457.05859375
15,457.05859375
16,457.05859375
17,457.05859375
18,457.05859375
19,457.05859375
