gen,time
0,72.13856244087219
1,57.1873984336853
2,88.24482822418213
3,174.78963899612427
4,251.4342222213745
5,222.7692470550537
6,237.8064615726471
7,195.73884987831116
8,282.9417839050293
9,407.79307985305786
10,230.63257694244385
11,912.1514179706573
12,230.9754045009613
13,412.34440660476685
14,288.88521361351013
15,329.1752359867096
16,439.4730143547058
17,266.36124324798584
18,163.32948565483093
19,279.32079219818115
