gen,time
0,100.3431236743927
1,73.64088416099548
2,163.31339359283447
3,54.44837307929993
4,87.35011982917786
5,70.40085697174072
6,142.9636664390564
7,86.28453040122986
8,240.659255027771
9,73.64262199401855
10,76.29415273666382
11,45.38866329193115
12,43.35366439819336
13,138.47527408599854
14,99.41238260269165
15,257.3481752872467
16,415.6533124446869
17,397.7325060367584
18,96.42751693725586
19,60.87825846672058
