gen,usage
0,516.6953125
1,516.6953125
2,516.6953125
3,466.13671875
4,470.28515625
5,470.28515625
6,465.609375
7,470.63671875
8,470.63671875
9,470.63671875
10,507.91796875
11,507.91796875
12,507.91796875
13,507.91796875
14,507.91796875
15,507.91796875
16,507.91796875
17,507.91796875
18,507.91796875
19,507.91796875
