gen,time
0,44.57043218612671
1,47.9407103061676
2,123.08169102668762
3,135.25178146362305
4,124.4143180847168
5,185.91345643997192
6,238.40304327011108
7,187.5903615951538
8,141.48232698440552
9,109.99400568008423
10,126.37510895729065
11,112.91025185585022
12,80.0676589012146
13,157.23310208320618
14,116.80217671394348
15,189.98536729812622
16,170.47085213661194
17,151.19276428222656
18,105.65718460083008
19,182.2046616077423
