gen,time
0,64.06999826431274
1,84.03060674667358
2,86.2768132686615
3,80.10769486427307
4,213.83863377571106
5,159.97963166236877
6,234.8547077178955
7,780.5526793003082
8,193.70272636413574
9,121.39724326133728
10,187.58932375907898
11,144.11592769622803
12,178.52012705802917
13,61.04786396026611
14,126.66318559646606
15,249.68327498435974
16,205.02975726127625
17,158.73934197425842
18,825.2078595161438
19,314.93520498275757
