gen,time
0,42.95222067832947
1,38.61893701553345
2,94.19370651245117
3,125.69793319702148
4,60.193859338760376
5,105.50133800506592
6,69.72040247917175
7,82.09021282196045
8,139.50628447532654
9,603.6383585929871
10,586.9428491592407
11,194.99081921577454
12,146.98928546905518
13,83.49712204933167
14,62.30443835258484
15,137.98750257492065
16,112.08596515655518
17,187.24664783477783
18,223.2403597831726
19,181.31819558143616
