gen,usage
0,508.96875
1,508.96875
2,508.96875
3,508.96875
4,508.96875
5,508.96875
6,508.96875
7,508.96875
8,508.96875
9,508.96875
10,508.96875
11,508.96875
12,508.96875
13,493.7265625
14,493.7265625
15,493.7265625
16,493.7265625
17,493.7265625
18,493.7265625
19,493.7265625
