gen,usage
0,368.1484375
1,368.1484375
2,368.1484375
3,368.1484375
4,368.1484375
5,368.1484375
6,368.1484375
7,368.1484375
8,368.1484375
9,368.1484375
10,368.1484375
11,368.1484375
12,368.1484375
13,368.1484375
14,368.1484375
15,368.1484375
16,368.15234375
17,368.15234375
18,368.15234375
19,368.15234375
