gen,time
0,29.62706708908081
1,55.62374258041382
2,166.40573167800903
3,159.79809975624084
4,265.5761184692383
5,263.09979128837585
6,214.2057614326477
7,229.77562737464905
8,252.83058667182922
9,251.45047855377197
10,539.7546129226685
11,449.2390480041504
12,401.41842794418335
13,625.0354809761047
14,1104.6867225170135
15,427.3328945636749
16,909.4082899093628
17,761.0908215045929
18,1604.2581431865692
19,565.1877117156982
