gen,time
0,79.44419050216675
1,57.95452570915222
2,69.1688175201416
3,65.36328029632568
4,59.47014927864075
5,40.37585139274597
6,73.3063485622406
7,249.73690605163574
8,95.04047584533691
9,172.44945812225342
10,379.3573160171509
11,1008.6986048221588
12,474.2517955303192
13,306.8111045360565
14,403.3109712600708
15,347.45782232284546
16,504.6370360851288
17,1076.7131950855255
18,392.77813816070557
19,1055.4052777290344
