gen,usage
0,365.1796875
1,365.1796875
2,365.1796875
3,365.18359375
4,365.18359375
5,365.18359375
6,365.18359375
7,365.18359375
8,365.18359375
9,365.18359375
10,365.18359375
11,365.18359375
12,365.18359375
13,365.18359375
14,365.18359375
15,365.18359375
16,365.1875
17,365.1875
18,365.1875
19,365.1875
