gen,time
0,79.05675935745239
1,93.15606904029846
2,194.2168037891388
3,143.12980604171753
4,195.4240119457245
5,72.0159273147583
6,39.24069666862488
7,65.88055634498596
8,57.244343996047974
9,74.95377993583679
10,193.65227031707764
11,81.66564679145813
12,79.02329969406128
13,99.23038363456726
14,66.80210065841675
15,123.0074074268341
16,84.47615075111389
17,54.31614947319031
18,63.9699649810791
19,82.77165627479553
