gen,time
0,67.21592926979065
1,86.33537530899048
2,73.72674226760864
3,166.6173484325409
4,124.74150466918945
5,179.43492221832275
6,236.62143516540527
7,194.88973760604858
8,205.07372546195984
9,165.66464352607727
10,200.7345654964447
11,75.49257850646973
12,510.48055267333984
13,53.539122581481934
14,54.59660029411316
15,98.25928068161011
16,35.83604598045349
17,79.14289402961731
18,144.7331349849701
19,82.34042310714722
