gen,usage
0,392.29296875
1,392.29296875
2,392.29296875
3,392.29296875
4,392.29296875
5,392.29296875
6,392.29296875
7,392.29296875
8,392.29296875
9,392.29296875
10,392.29296875
11,392.29296875
12,392.29296875
13,406.6015625
14,406.6015625
15,406.6015625
16,406.6015625
17,406.6015625
18,406.6015625
19,406.6015625
