gen,time
0,64.95814824104309
1,79.98803067207336
2,129.41920232772827
3,179.40874671936035
4,105.27226853370667
5,133.23263096809387
6,72.3939220905304
7,91.2038791179657
8,115.1993293762207
9,126.78419780731201
10,120.98198795318604
11,128.38466143608093
12,96.25453472137451
13,137.34618759155273
14,136.72232580184937
15,135.78510093688965
16,86.33228039741516
17,80.86163902282715
18,87.76996803283691
19,59.6753466129303
