gen,time
0,28.739689588546753
1,39.842424154281616
2,60.08721685409546
3,45.196438789367676
4,60.71487617492676
5,71.78989553451538
6,86.35519409179688
7,92.93763327598572
8,178.1475944519043
9,142.63918328285217
10,96.78059792518616
11,108.84887075424194
12,143.50193309783936
13,195.60940718650818
14,89.35650420188904
15,165.2903151512146
16,115.57865905761719
17,151.88679766654968
18,196.27872562408447
19,181.09334182739258
