gen,time
0,63.61423993110657
1,42.63011312484741
2,56.44851565361023
3,161.94598412513733
4,50.931944131851196
5,27.411490201950073
6,17.988383054733276
7,24.90511131286621
8,41.285071849823
9,57.0421826839447
10,167.4617383480072
11,195.22602677345276
12,211.27902126312256
13,289.5037729740143
14,94.12124943733215
15,44.49839997291565
16,122.26785039901733
17,97.03493428230286
18,149.89085960388184
19,53.47740054130554
