gen,usage
0,391.9453125
1,391.9453125
2,391.9453125
3,391.9453125
4,391.9453125
5,391.9453125
6,391.9453125
7,391.9453125
8,391.9453125
9,391.9453125
10,391.9453125
11,391.9453125
12,391.9453125
13,391.9453125
14,391.9453125
15,391.9453125
16,391.9453125
17,391.9453125
18,391.9453125
19,391.9453125
