gen,time
0,108.31933331489563
1,129.8312749862671
2,60.40263795852661
3,73.42961573600769
4,410.74697709083557
5,62.05700325965881
6,506.37517619132996
7,164.82006549835205
8,75.2480800151825
9,65.25504851341248
10,118.57967567443848
11,629.592182636261
12,102.82155513763428
13,101.66515970230103
14,121.22989916801453
15,145.18862509727478
16,110.71521496772766
17,101.71971154212952
18,142.49349641799927
19,172.27538633346558
