gen,time
0,61.293190002441406
1,83.08960223197937
2,85.16722512245178
3,83.68992042541504
4,101.19142961502075
5,44.167470932006836
6,66.71377658843994
7,93.85689806938171
8,52.95723271369934
9,44.70503783226013
10,35.79189133644104
11,45.11164593696594
12,36.954222679138184
13,61.8298819065094
14,37.980088233947754
15,65.40922045707703
16,186.53314971923828
17,41.27439618110657
18,44.94406175613403
19,36.49191069602966
