gen,usage
0,488.0078125
1,488.0078125
2,488.0078125
3,488.0078125
4,488.0078125
5,488.0078125
6,488.0078125
7,488.0078125
8,488.0078125
9,488.0078125
10,488.0078125
11,488.0078125
12,488.0078125
13,488.0078125
14,488.0078125
15,488.0078125
16,488.0078125
17,488.0078125
18,488.0078125
19,488.0078125
