gen,time
0,57.58022141456604
1,56.35324168205261
2,182.9063847064972
3,310.3894762992859
4,175.38543486595154
5,361.5738272666931
6,176.732990026474
7,94.83089685440063
8,107.38713669776917
9,186.63429427146912
10,147.31691336631775
11,233.76224493980408
12,223.45758724212646
13,233.48308897018433
14,538.9009907245636
15,377.6202850341797
16,1229.8103215694427
17,579.6765015125275
18,463.31843304634094
19,440.3085746765137
