gen,time
0,65.44455075263977
1,80.59042143821716
2,48.53273367881775
3,114.08633208274841
4,125.09905242919922
5,109.4315414428711
6,85.92181181907654
7,104.34310412406921
8,96.8422110080719
9,136.63632202148438
10,123.92197442054749
11,97.07090353965759
12,170.0239770412445
13,151.84775853157043
14,143.71680450439453
15,362.3189971446991
16,416.27744364738464
17,94.33356499671936
18,102.83054971694946
19,65.4066526889801
