gen,time
0,65.42369079589844
1,58.21015214920044
2,73.91865539550781
3,50.44034719467163
4,38.335044622421265
5,39.79091548919678
6,52.31164622306824
7,86.45834422111511
8,52.754944801330566
9,56.90753436088562
10,64.7094419002533
11,48.83397150039673
12,103.03802180290222
13,96.18238592147827
14,101.73383688926697
15,101.38075113296509
16,53.92984580993652
17,52.149946212768555
18,61.34138369560242
19,59.187124252319336
