gen,usage
0,363.5625
1,363.5625
2,363.5625
3,377.58203125
4,377.58203125
5,377.58203125
6,377.58203125
7,377.58203125
8,377.58203125
9,377.58203125
10,377.58203125
11,377.58203125
12,377.58203125
13,377.58203125
14,377.58203125
15,377.5859375
16,377.5859375
17,377.5859375
18,377.5859375
19,377.5859375
