gen,usage
0,364.94921875
1,364.94921875
2,364.94921875
3,364.94921875
4,364.94921875
5,364.94921875
6,364.95703125
7,364.95703125
8,364.95703125
9,364.95703125
10,364.95703125
11,364.95703125
12,364.95703125
13,364.95703125
14,364.95703125
15,364.95703125
16,364.95703125
17,364.95703125
18,364.95703125
19,364.95703125
