gen,time
0,29.35578751564026
1,44.02352428436279
2,96.16465735435486
3,137.64176154136658
4,149.98819661140442
5,333.1964349746704
6,341.17464208602905
7,229.13366889953613
8,240.17052125930786
9,548.7298080921173
10,643.1817798614502
11,338.4004428386688
12,178.253844499588
13,320.67888259887695
14,285.52896904945374
15,334.18429923057556
16,417.15417218208313
17,1536.93554854393
18,1217.0326619148254
19,1084.6708776950836
