gen,time
0,72.88311672210693
1,85.56589126586914
2,86.30022668838501
3,97.76097297668457
4,211.63756251335144
5,82.80099129676819
6,122.1481556892395
7,52.364712715148926
8,117.63113594055176
9,72.32969403266907
10,99.41303634643555
11,657.8787846565247
12,812.4639265537262
13,62.00171232223511
14,63.19373345375061
15,132.47890090942383
16,65.5266101360321
17,52.18257021903992
18,83.14558267593384
19,64.69114184379578
