gen,time
0,33.27921462059021
1,68.82554984092712
2,40.291714668273926
3,114.96850872039795
4,114.56336998939514
5,126.55617475509644
6,93.49361228942871
7,586.3906226158142
8,121.1400260925293
9,469.4476306438446
10,65.6886568069458
11,473.4671862125397
12,130.44181442260742
13,143.2190387248993
14,219.6097161769867
15,744.9779584407806
16,903.1055614948273
17,268.3805003166199
18,272.5086410045624
19,523.8022992610931
