gen,time
0,39.723468542099
1,37.04121994972229
2,96.13561272621155
3,114.49313235282898
4,89.19136071205139
5,99.48572874069214
6,99.82119989395142
7,114.20123291015625
8,89.46612429618835
9,131.77445149421692
10,61.77137017250061
11,115.91956162452698
12,595.2175648212433
13,282.7776849269867
14,233.7330858707428
15,268.61605620384216
16,183.71154069900513
17,173.76533365249634
18,167.74132680892944
19,138.14041590690613
