gen,time
0,80.2800703048706
1,71.1494734287262
2,106.59248900413513
3,106.59076881408691
4,192.67377376556396
5,215.1154282093048
6,295.335586309433
7,280.3916733264923
8,227.29603123664856
9,240.95914220809937
10,170.93592715263367
11,237.89428210258484
12,281.8510468006134
13,161.38253140449524
14,169.17330360412598
15,115.99387884140015
16,163.26669573783875
17,169.28112173080444
18,177.9266321659088
19,77.73591804504395
