gen,usage
0,372.5390625
1,372.5390625
2,372.5390625
3,372.5390625
4,372.5390625
5,372.5390625
6,372.5390625
7,372.5390625
8,372.5390625
9,372.5390625
10,372.5390625
11,372.5390625
12,372.5390625
13,372.5390625
14,372.5390625
15,372.5390625
16,335.59765625
17,335.6328125
18,335.6328125
19,335.6328125
