gen,time
0,45.9156768321991
1,55.51474165916443
2,54.311195373535156
3,51.22996115684509
4,74.25055885314941
5,111.05282235145569
6,212.2283091545105
7,810.4651699066162
8,1100.6277050971985
9,735.3856763839722
10,1163.3406846523285
11,774.1590366363525
12,621.5189871788025
13,462.2259855270386
14,545.4698710441589
15,478.15309047698975
16,765.1126725673676
17,702.8855240345001
18,998.8581788539886
19,948.3516538143158
