gen,usage
0,469.421875
1,469.421875
2,469.421875
3,469.421875
4,450.79296875
5,450.79296875
6,450.79296875
7,450.79296875
8,450.79296875
9,450.79296875
10,450.79296875
11,450.79296875
12,450.79296875
13,450.79296875
14,450.79296875
15,450.79296875
16,450.79296875
17,450.79296875
18,450.79296875
19,450.79296875
