gen,usage
0,457.05859375
1,457.05859375
2,457.05859375
3,457.05859375
4,457.05859375
5,457.05859375
6,457.05859375
7,457.05859375
8,457.05859375
9,457.05859375
10,457.05859375
11,457.05859375
12,457.05859375
13,457.05859375
14,457.05859375
15,457.05859375
16,457.05859375
17,457.05859375
18,457.05859375
19,457.05859375
