gen,time
0,54.18745398521423
1,43.239577293395996
2,90.77081632614136
3,194.00291109085083
4,331.9702265262604
5,331.89937376976013
6,366.5182545185089
7,846.3682007789612
8,240.87364792823792
9,309.594943523407
10,352.4732310771942
11,118.03447008132935
12,91.29148173332214
13,79.26581239700317
14,179.7096757888794
15,171.75589179992676
16,207.61900782585144
17,227.77559208869934
18,350.0096490383148
19,325.49607968330383
