gen,time
0,60.86551237106323
1,82.9573621749878
2,77.03880596160889
3,94.10201525688171
4,111.99810028076172
5,646.6002988815308
6,111.49795436859131
7,132.21879768371582
8,599.4235212802887
9,69.84744644165039
10,111.37831401824951
11,74.13269376754761
12,72.32548260688782
13,87.41542673110962
14,136.7065806388855
15,92.64609432220459
16,125.72011280059814
17,152.0929753780365
18,152.70188164710999
19,128.0336058139801
