gen,time
0,49.91773271560669
1,51.909801959991455
2,35.55171084403992
3,119.48409628868103
4,220.02869391441345
5,79.14841151237488
6,118.52062487602234
7,61.307395458221436
8,73.62630367279053
9,99.98328685760498
10,87.5918562412262
11,106.43062734603882
12,146.07433605194092
13,88.87230205535889
14,45.4681830406189
15,97.692209482193
16,154.29911971092224
17,222.36473631858826
18,305.01552176475525
19,167.10719633102417
