gen,time
0,58.16473913192749
1,100.05761408805847
2,258.4193091392517
3,832.0803248882294
4,615.0708210468292
5,319.502161026001
6,884.7750663757324
7,408.3664252758026
8,514.4387061595917
9,1063.1824462413788
10,242.63762784004211
11,1125.2104635238647
12,347.65757966041565
13,1067.3851702213287
14,426.23924708366394
15,622.8738198280334
16,1209.490660905838
17,641.7080478668213
18,358.5537807941437
19,373.699654340744
