gen,time
0,60.32467460632324
1,83.25600123405457
2,51.23106908798218
3,104.55803418159485
4,91.11252617835999
5,104.55842018127441
6,79.08583474159241
7,55.84340810775757
8,63.802613735198975
9,70.37456369400024
10,138.70333123207092
11,47.72425150871277
12,77.8848888874054
13,70.1001627445221
14,250.03504991531372
15,214.35248398780823
16,160.23363757133484
17,312.6909523010254
18,293.279287815094
19,319.21317052841187
