gen,time
0,81.11655354499817
1,65.07254791259766
2,227.43567776679993
3,181.2899146080017
4,252.34403729438782
5,180.8308563232422
6,204.42423367500305
7,161.6337308883667
8,223.26258325576782
9,72.6460018157959
10,99.20149254798889
11,129.63782811164856
12,47.4057252407074
13,112.06318354606628
14,156.52644085884094
15,99.68218851089478
16,310.2141168117523
17,324.49972009658813
18,190.5182249546051
19,218.21741461753845
