gen,time
0,72.86907720565796
1,110.07485032081604
2,58.23236083984375
3,82.71839618682861
4,58.66053223609924
5,62.63963317871094
6,47.92318677902222
7,67.28537368774414
8,116.32492208480835
9,235.9591166973114
10,353.4007909297943
11,608.57324051857
12,255.54878640174866
13,1107.5056433677673
14,524.369891166687
15,534.8134016990662
16,398.4395925998688
17,305.31488060951233
18,296.19081020355225
19,335.6001944541931
