gen,time
0,71.63653755187988
1,81.61700224876404
2,113.45291805267334
3,70.17368841171265
4,199.18008136749268
5,76.6872820854187
6,99.77096271514893
7,137.42884802818298
8,133.58239245414734
9,119.54982352256775
10,801.5561723709106
11,139.72174668312073
12,88.2339255809784
13,106.14741277694702
14,99.18580269813538
15,116.77191305160522
16,155.33539700508118
17,154.72250080108643
18,41.237613677978516
19,97.17351078987122
