gen,time
0,35.32860803604126
1,58.77194881439209
2,65.32016038894653
3,289.63789796829224
4,287.9043827056885
5,445.56886553764343
6,149.51268196105957
7,117.02172636985779
8,185.6348478794098
9,583.5922675132751
10,99.14008641242981
11,133.11593079566956
12,95.64154601097107
13,115.54374837875366
14,307.16324853897095
15,541.2915601730347
16,218.08859705924988
17,112.66288304328918
18,113.07486534118652
19,60.49735999107361
