gen,time
0,36.04882597923279
1,69.12086153030396
2,175.195166349411
3,377.04502630233765
4,228.28114128112793
5,485.97358298301697
6,296.61439323425293
7,328.56253933906555
8,361.17912435531616
9,274.60681414604187
10,273.9217290878296
11,962.0749604701996
12,321.8607244491577
13,338.2648022174835
14,519.1230473518372
15,446.50466227531433
16,303.35328698158264
17,630.1602425575256
18,474.2716443538666
19,468.39702701568604
