gen,time
0,67.72573041915894
1,96.92703104019165
2,121.07325100898743
3,148.09701776504517
4,181.8296823501587
5,162.14904069900513
6,238.63300728797913
7,409.9857246875763
8,67.80928897857666
9,174.04881620407104
10,153.62393164634705
11,107.30330324172974
12,81.06055450439453
13,591.2645399570465
14,49.42587661743164
15,56.41626596450806
16,25.002057552337646
17,60.464741706848145
18,70.66687798500061
19,76.27225351333618
