gen,time
0,52.02856421470642
1,51.15204071998596
2,40.939496755599976
3,66.28423643112183
4,112.33129620552063
5,149.6025869846344
6,141.29858255386353
7,108.17999267578125
8,180.9196138381958
9,103.38209390640259
10,70.12417244911194
11,122.70330834388733
12,52.88163232803345
13,82.41719794273376
14,135.69909477233887
15,176.12859773635864
16,357.1885781288147
17,362.1560080051422
18,317.312038898468
19,248.19958543777466
