gen,usage
0,391.9453125
1,391.9453125
2,391.9453125
3,391.9453125
4,391.9453125
5,391.9453125
6,391.9453125
7,346.265625
8,346.40625
9,346.265625
10,346.265625
11,346.265625
12,351.03125
13,351.03125
14,351.03125
15,351.03125
16,351.03125
17,351.03125
18,351.03125
19,351.03125
