gen,time
0,65.21485996246338
1,70.32664847373962
2,174.23477292060852
3,910.2218134403229
4,217.72879791259766
5,846.9949760437012
6,137.3406388759613
7,135.50381326675415
8,187.83000659942627
9,154.41607117652893
10,115.09853434562683
11,189.35782265663147
12,198.63293075561523
13,268.2001094818115
14,292.81562399864197
15,1017.0783503055573
16,312.51947140693665
17,890.3469738960266
18,360.00020694732666
19,418.2526276111603
