gen,time
0,43.33676600456238
1,52.05966544151306
2,199.35111594200134
3,122.25491738319397
4,91.033029794693
5,96.07632660865784
6,300.1723473072052
7,146.9361686706543
8,41.96266484260559
9,164.3715431690216
10,184.58843564987183
11,161.23096990585327
12,343.7837097644806
13,284.03535866737366
14,1064.4795289039612
15,145.24861669540405
16,156.61430191993713
17,106.63960528373718
18,183.8281111717224
19,134.4195911884308
