gen,time
0,73.65202140808105
1,120.30059790611267
2,187.42172694206238
3,486.8158714771271
4,619.1816639900208
5,462.12353444099426
6,220.15523624420166
7,146.41533517837524
8,124.02330040931702
9,128.8897042274475
10,132.19859766960144
11,122.60326504707336
12,144.3866331577301
13,144.82578492164612
14,103.84512329101562
15,82.94374585151672
16,64.46668076515198
17,96.92025566101074
18,91.16668796539307
19,101.57027769088745
