gen,usage
0,390.6328125
1,390.6328125
2,390.6328125
3,390.6328125
4,390.6328125
5,390.6328125
6,390.6328125
7,390.6328125
8,390.6328125
9,390.6328125
10,390.6328125
11,390.6328125
12,390.6328125
13,390.6328125
14,390.6328125
15,390.6328125
16,390.6328125
17,390.6328125
18,390.6328125
19,390.6328125
