gen,time
0,49.616422176361084
1,65.01060032844543
2,115.85413479804993
3,294.8095922470093
4,343.94296383857727
5,257.2394292354584
6,423.4062411785126
7,469.78384590148926
8,554.5804171562195
9,116.85226082801819
10,100.89381384849548
11,149.25727200508118
12,111.04357194900513
13,111.15427684783936
14,95.01195979118347
15,103.56283593177795
16,88.10408973693848
17,138.06237506866455
18,89.48111367225647
19,105.29926204681396
