gen,usage
0,336.66796875
1,336.66796875
2,336.66796875
3,336.66796875
4,336.66796875
5,340.3984375
6,340.40234375
7,340.40234375
8,378.9765625
9,378.9765625
10,378.9765625
11,378.9765625
12,378.9765625
13,378.9765625
14,378.9765625
15,378.9765625
16,378.9765625
17,393.17578125
18,393.17578125
19,393.17578125
