gen,time
0,68.50967669487
1,87.30199551582336
2,192.53568410873413
3,109.5942177772522
4,168.4685800075531
5,227.61906027793884
6,123.19118046760559
7,131.4820363521576
8,172.98153162002563
9,97.60446000099182
10,114.85755181312561
11,189.60621857643127
12,120.79792141914368
13,198.9807550907135
14,191.95157551765442
15,178.4502091407776
16,188.26391744613647
17,387.0099720954895
18,1116.0495393276215
19,574.7998380661011
