gen,time
0,83.23486828804016
1,111.5131049156189
2,71.2623860836029
3,84.64232325553894
4,64.77054619789124
5,156.61381483078003
6,369.3902781009674
7,220.33714365959167
8,58.18596363067627
9,53.76517987251282
10,88.5108277797699
11,104.42706942558289
12,109.86960983276367
13,103.90557765960693
14,176.67016005516052
15,137.32049465179443
16,52.91299772262573
17,74.89615082740784
18,76.73787045478821
19,167.84966850280762
