gen,usage
0,382.19921875
1,382.19921875
2,382.19921875
3,382.19921875
4,382.19921875
5,382.19921875
6,382.19921875
7,382.19921875
8,382.19921875
9,382.19921875
10,382.19921875
11,382.19921875
12,382.19921875
13,382.19921875
14,382.19921875
15,382.19921875
16,382.19921875
17,382.19921875
18,382.19921875
19,382.19921875
