gen,time
0,52.44399809837341
1,68.57450580596924
2,131.0355749130249
3,171.76274013519287
4,419.22052907943726
5,338.4079415798187
6,180.28037357330322
7,326.8099105358124
8,308.5999071598053
9,416.26578640937805
10,932.2157261371613
11,555.7869818210602
12,308.2238121032715
13,345.33702301979065
14,365.6422085762024
15,323.5015380382538
16,1177.5213243961334
17,457.0947287082672
18,421.2472686767578
19,535.6448128223419
