gen,time
0,54.060102224349976
1,49.92932486534119
2,98.58104085922241
3,147.98164820671082
4,166.88571047782898
5,218.30313754081726
6,191.7835590839386
7,142.93655252456665
8,31.355833530426025
9,38.13684678077698
10,66.33633804321289
11,467.8450274467468
12,943.6902792453766
13,621.2229924201965
14,201.2283205986023
15,340.3300590515137
16,286.42658710479736
17,453.83427023887634
18,227.75665259361267
19,201.6663191318512
