gen,usage
0,538.17578125
1,538.17578125
2,538.17578125
3,538.17578125
4,538.17578125
5,538.17578125
6,538.17578125
7,538.17578125
8,538.17578125
9,538.17578125
10,538.17578125
11,538.17578125
12,538.17578125
13,538.17578125
14,538.17578125
15,538.17578125
16,538.17578125
17,538.17578125
18,538.17578125
19,538.17578125
