gen,time
0,50.62298560142517
1,72.35646200180054
2,81.67763352394104
3,119.10526728630066
4,144.90862250328064
5,114.20947456359863
6,90.89614057540894
7,136.036789894104
8,155.9142849445343
9,180.88946557044983
10,211.42615580558777
11,223.7689962387085
12,101.0839273929596
13,114.50805711746216
14,185.87789154052734
15,181.61117887496948
16,179.96668982505798
17,219.99904894828796
18,263.3027410507202
19,158.50255227088928
