gen,time
0,80.97018384933472
1,88.31602168083191
2,132.1776885986328
3,174.28570246696472
4,155.26429796218872
5,166.21437740325928
6,129.50264167785645
7,160.7122175693512
8,109.3144953250885
9,131.11603450775146
10,183.71429252624512
11,221.98260259628296
12,856.1301667690277
13,74.54730939865112
14,92.69224619865417
15,73.26903486251831
16,81.68637347221375
17,117.35232472419739
18,113.03346753120422
19,114.67313241958618
