gen,time
0,64.15356206893921
1,76.23530077934265
2,60.041075229644775
3,91.3012444972992
4,88.18479514122009
5,114.41519212722778
6,78.55019998550415
7,92.3855311870575
8,102.0479941368103
9,98.83460545539856
10,354.7381591796875
11,348.3673815727234
12,158.35305309295654
13,91.82274794578552
14,119.49749064445496
15,171.6146523952484
16,166.57092475891113
17,259.51819372177124
18,262.90448117256165
19,203.65968704223633
