gen,time
0,60.741921186447144
1,56.857463121414185
2,50.362733125686646
3,37.54779767990112
4,46.9817328453064
5,49.4919548034668
6,63.85468888282776
7,73.06423616409302
8,66.64676976203918
9,515.1588208675385
10,107.81086277961731
11,223.1263108253479
12,112.9746446609497
13,130.6136772632599
14,108.92624282836914
15,114.71511721611023
16,98.21657609939575
17,123.35144782066345
18,124.17411518096924
19,120.43665981292725
