gen,usage
0,393.17578125
1,393.17578125
2,393.17578125
3,393.17578125
4,393.17578125
5,393.17578125
6,393.17578125
7,393.17578125
8,378.9765625
9,378.9765625
10,378.9765625
11,378.9765625
12,390.828125
13,345.203125
14,353.76171875
15,353.76171875
16,359.99609375
17,359.99609375
18,359.99609375
19,359.99609375
