gen,time
0,65.02633142471313
1,54.86692428588867
2,192.46977376937866
3,226.4553258419037
4,102.46825957298279
5,65.28001666069031
6,66.91791415214539
7,66.3054130077362
8,158.88416981697083
9,78.44174981117249
10,85.07266926765442
11,116.39735245704651
12,208.64231729507446
13,195.58816027641296
14,191.50807285308838
15,194.24087524414062
16,149.01948404312134
17,53.132871866226196
18,132.28100609779358
19,65.21892285346985
