gen,time
0,51.588881731033325
1,41.2173285484314
2,96.20322942733765
3,188.17379784584045
4,64.07851648330688
5,117.92470717430115
6,66.29988670349121
7,274.9546444416046
8,278.8106064796448
9,562.7729952335358
10,505.86597537994385
11,303.20505452156067
12,210.62548184394836
13,82.31994771957397
14,69.12980771064758
15,103.65589308738708
16,324.61933875083923
17,60.62179470062256
18,133.22378659248352
19,137.0836398601532
