gen,time
0,70.83540463447571
1,70.3119044303894
2,69.3810338973999
3,100.9238772392273
4,88.99047541618347
5,66.04272794723511
6,75.44163608551025
7,101.29967474937439
8,183.93952822685242
9,67.70520734786987
10,578.1840348243713
11,106.84792256355286
12,75.4246301651001
13,69.78442096710205
14,70.53701901435852
15,74.11453986167908
16,87.68386673927307
17,61.81238126754761
18,53.7410192489624
19,112.84239149093628
