gen,time
0,86.08595752716064
1,69.66553497314453
2,107.7762234210968
3,64.83138585090637
4,306.624712228775
5,73.99150276184082
6,86.84248900413513
7,65.56547212600708
8,108.50954246520996
9,100.92760634422302
10,290.7594242095947
11,43.25628685951233
12,100.80215358734131
13,56.278480768203735
14,110.6936264038086
15,53.51616358757019
16,56.393622398376465
17,123.09677624702454
18,124.43505573272705
19,128.4351954460144
