gen,time
0,81.72513127326965
1,80.24395155906677
2,124.66623854637146
3,70.41787028312683
4,171.72968292236328
5,187.57449054718018
6,245.1044738292694
7,182.38040900230408
8,206.27579522132874
9,300.33752393722534
10,233.82783555984497
11,318.05224418640137
12,210.18668031692505
13,106.17403101921082
14,176.16615843772888
15,217.4855237007141
16,287.7440621852875
17,290.2412042617798
18,186.90253281593323
19,96.38077235221863
