gen,time
0,64.8887665271759
1,61.047489404678345
2,236.63348150253296
3,201.94215083122253
4,173.9662265777588
5,192.02006077766418
6,570.6543135643005
7,287.164897441864
8,943.7803914546967
9,409.0791983604431
10,1055.162567615509
11,416.73599910736084
12,416.43620896339417
13,262.2931327819824
14,279.9447741508484
15,394.6384117603302
16,272.9267454147339
17,162.42696595191956
18,171.9377064704895
19,210.07923126220703
