gen,time
0,45.97658324241638
1,47.238343477249146
2,42.79584264755249
3,90.29614329338074
4,59.16083574295044
5,67.9772047996521
6,43.24900412559509
7,39.54094362258911
8,53.34339475631714
9,104.62999510765076
10,78.38526606559753
11,155.61672639846802
12,170.79923057556152
13,67.14295053482056
14,105.10261034965515
15,61.36205577850342
16,107.66146802902222
17,96.30128741264343
18,110.84880828857422
19,137.1756842136383
