gen,time
0,63.60734581947327
1,52.562397718429565
2,116.75817203521729
3,143.67658376693726
4,178.619549036026
5,179.3841528892517
6,182.11128520965576
7,234.05196380615234
8,184.61820769309998
9,200.1702539920807
10,965.832361459732
11,317.45654463768005
12,271.12864351272583
13,415.4607446193695
14,260.4457130432129
15,376.0385899543762
16,248.47603797912598
17,154.0561785697937
18,142.58592677116394
19,212.05701398849487
