gen,time
0,51.51495099067688
1,69.60742378234863
2,75.51506543159485
3,37.69164419174194
4,55.966736793518066
5,48.164735317230225
6,47.262304067611694
7,111.90436744689941
8,12.714956521987915
9,92.57582974433899
10,56.875255823135376
11,94.67613577842712
12,79.73424506187439
13,165.573228597641
14,52.800896883010864
15,43.147743940353394
16,45.334651947021484
17,231.2644784450531
18,57.94808888435364
19,55.996923208236694
