gen,time
0,37.25201344490051
1,46.972379207611084
2,57.60264611244202
3,39.235395431518555
4,76.18463134765625
5,62.047566175460815
6,65.31666588783264
7,76.27462434768677
8,94.45466637611389
9,108.56111311912537
10,91.00447988510132
11,65.7303876876831
12,119.06699538230896
13,95.88658618927002
14,62.18025732040405
15,81.05598545074463
16,650.2810459136963
17,115.7678599357605
18,372.4556670188904
19,87.32986354827881
