gen,time
0,72.47973656654358
1,87.41801691055298
2,150.5152370929718
3,159.3656985759735
4,369.352365732193
5,865.3870339393616
6,1181.7632553577423
7,220.59400296211243
8,575.184360742569
9,479.90673899650574
10,516.2243177890778
11,327.66809034347534
12,510.6004910469055
13,436.71645188331604
14,295.3670747280121
15,234.55089235305786
16,203.11233115196228
17,393.53104066848755
18,450.0640103816986
19,307.9244532585144
