gen,time
0,53.90566945075989
1,48.72683000564575
2,171.60488104820251
3,291.0875256061554
4,293.0480980873108
5,259.35819363594055
6,184.2843096256256
7,177.78707194328308
8,149.79333806037903
9,616.6663599014282
10,590.0492830276489
11,177.38593816757202
12,175.5360975265503
13,114.3407051563263
14,100.99041271209717
15,128.541401386261
16,162.9953112602234
17,112.75512218475342
18,127.27898383140564
19,88.49960136413574
