gen,time
0,59.36775469779968
1,113.64061617851257
2,429.5851011276245
3,226.14568829536438
4,264.28778290748596
5,428.4193911552429
6,1200.0519649982452
7,1119.9443879127502
8,751.012636423111
9,1008.0681009292603
10,217.5001780986786
11,78.32783055305481
12,94.75327801704407
13,104.5048987865448
14,261.27059602737427
15,695.417073726654
16,148.85631847381592
17,103.43304228782654
18,761.3717653751373
19,230.69080591201782
