gen,time
0,51.53455066680908
1,41.7760443687439
2,199.21454906463623
3,132.53317260742188
4,155.58442163467407
5,50.35169792175293
6,98.24457359313965
7,57.14595031738281
8,122.7861442565918
9,117.37754917144775
10,146.51198387145996
11,150.33211612701416
12,69.97559857368469
13,670.2736384868622
14,113.43209791183472
15,125.0963442325592
16,92.58470964431763
17,69.07188272476196
18,100.10534954071045
19,104.71447706222534
