gen,time
0,64.19737839698792
1,58.804510831832886
2,224.90447425842285
3,113.96723556518555
4,205.94703245162964
5,301.8758432865143
6,276.1859829425812
7,299.7406303882599
8,242.26338696479797
9,318.68388319015503
10,267.64195466041565
11,246.9839265346527
12,308.7867407798767
13,304.9012155532837
14,155.41909551620483
15,228.18001580238342
16,180.50984287261963
17,239.95233798027039
18,101.75783181190491
19,69.38517665863037
