gen,usage
0,507.91796875
1,507.91796875
2,507.91796875
3,507.91796875
4,507.91796875
5,507.91796875
6,507.91796875
7,507.91796875
8,507.91796875
9,507.91796875
10,507.91796875
11,493.8984375
12,493.8984375
13,493.8984375
14,493.8984375
15,493.8984375
16,493.8984375
17,493.8984375
18,493.8984375
19,493.8984375
