gen,usage
0,373.87109375
1,373.87109375
2,373.87109375
3,373.87109375
4,373.87109375
5,373.87109375
6,373.87109375
7,373.87109375
8,373.87109375
9,373.87109375
10,373.87109375
11,373.87109375
12,373.87109375
13,373.87109375
14,373.87109375
15,373.87109375
16,373.87109375
17,373.87109375
18,373.87109375
19,373.87109375
