gen,usage
0,460.296875
1,460.296875
2,460.296875
3,460.296875
4,460.296875
5,460.296875
6,460.296875
7,460.296875
8,460.296875
9,460.296875
10,460.296875
11,460.296875
12,460.296875
13,460.296875
14,460.296875
15,460.296875
16,460.296875
17,460.296875
18,460.296875
19,460.296875
