gen,time
0,59.87120270729065
1,63.56252717971802
2,155.7405424118042
3,48.062098026275635
4,77.07083034515381
5,77.33664608001709
6,65.42747807502747
7,82.69188284873962
8,151.96976375579834
9,47.68229389190674
10,47.26742076873779
11,64.432133436203
12,101.75243544578552
13,82.78188490867615
14,152.25661969184875
15,96.11098575592041
16,59.96757888793945
17,214.5323588848114
18,71.08549809455872
19,61.86641025543213
