gen,time
0,64.27292966842651
1,79.06209015846252
2,267.34814190864563
3,874.464448928833
4,681.0521383285522
5,561.7394301891327
6,480.71292185783386
7,510.12005829811096
8,354.2048680782318
9,405.17601132392883
10,1105.6602804660797
11,376.7481803894043
12,374.1763484477997
13,523.684821844101
14,276.7330400943756
15,404.5317757129669
16,234.23362851142883
17,444.2860782146454
18,209.2356734275818
19,470.4013614654541
