gen,usage
0,349.4765625
1,349.4765625
2,349.4765625
3,349.484375
4,349.484375
5,349.484375
6,349.484375
7,349.484375
8,349.77734375
9,349.77734375
10,349.77734375
11,352.02734375
12,352.02734375
13,352.02734375
14,352.03125
15,352.03125
16,352.03125
17,352.03125
18,352.03125
19,352.03125
