gen,time
0,60.83019685745239
1,73.32000470161438
2,111.90135502815247
3,126.82632851600647
4,123.64888262748718
5,76.50270533561707
6,61.68591547012329
7,90.09348821640015
8,65.74848914146423
9,98.49703049659729
10,82.12610149383545
11,150.52960896492004
12,324.09499335289
13,157.66116046905518
14,279.31840324401855
15,87.51061081886292
16,73.7078869342804
17,117.00126075744629
18,318.63867020606995
19,114.76799321174622
