gen,time
0,83.08112859725952
1,82.04529571533203
2,88.3745949268341
3,103.07346510887146
4,56.31225633621216
5,77.63782119750977
6,89.90682244300842
7,99.71850085258484
8,133.85408091545105
9,110.10269165039062
10,464.9856388568878
11,114.11646676063538
12,93.11199378967285
13,137.0430769920349
14,72.02824401855469
15,68.40300846099854
16,39.23531889915466
17,33.14091730117798
18,53.238037109375
19,148.68218111991882
