gen,time
0,75.81090259552002
1,50.55399012565613
2,136.64031291007996
3,112.82459282875061
4,184.77447938919067
5,132.80169653892517
6,184.38881826400757
7,311.7736647129059
8,272.7096245288849
9,326.0287618637085
10,79.57360219955444
11,68.08706665039062
12,163.54739618301392
13,111.58377027511597
14,74.09048986434937
15,95.87589478492737
16,147.64268565177917
17,165.16890287399292
18,195.801438331604
19,129.71879386901855
