gen,time
0,50.63418245315552
1,78.56709480285645
2,57.667850971221924
3,132.00151324272156
4,99.85570096969604
5,89.36981534957886
6,96.29159235954285
7,169.3485870361328
8,110.41461825370789
9,445.13422083854675
10,88.54750156402588
11,81.61325001716614
12,171.4717411994934
13,100.70433497428894
14,385.3112041950226
15,74.61383771896362
16,76.28010725975037
17,262.34376859664917
18,153.52217555046082
19,272.4512679576874
