gen,usage
0,377.58203125
1,377.58203125
2,377.58203125
3,377.58203125
4,377.58203125
5,377.58203125
6,377.58203125
7,377.58203125
8,377.58203125
9,377.58203125
10,377.58203125
11,363.5625
12,363.5625
13,363.5625
14,363.5625
15,363.5625
16,363.5625
17,363.5625
18,363.5625
19,363.5625
