gen,usage
0,385.5546875
1,385.5546875
2,385.5546875
3,385.5546875
4,385.5546875
5,385.5546875
6,385.5546875
7,385.5546875
8,385.5546875
9,385.5546875
10,385.5546875
11,385.5546875
12,385.5546875
13,385.5546875
14,385.5546875
15,385.5546875
16,385.5546875
17,385.5546875
18,385.5546875
19,385.5546875
