gen,time
0,57.353264808654785
1,37.33569312095642
2,125.83339595794678
3,102.2193021774292
4,72.55036067962646
5,112.90348434448242
6,177.59007787704468
7,139.47215175628662
8,149.58112978935242
9,154.81668782234192
10,136.2928023338318
11,124.22580170631409
12,60.67430663108826
13,249.59221649169922
14,262.97630882263184
15,209.34882020950317
16,230.86883735656738
17,223.48396110534668
18,353.11461567878723
19,303.6622700691223
