gen,time
0,137.31975865364075
1,41.434645652770996
2,336.8590638637543
3,300.281863451004
4,64.64271950721741
5,72.38591599464417
6,46.821101903915405
7,115.65652751922607
8,119.9865710735321
9,116.08763003349304
10,125.13883638381958
11,88.30264735221863
12,115.51787495613098
13,225.8352406024933
14,152.652010679245
15,104.55423760414124
16,52.57435894012451
17,79.45561218261719
18,43.49134087562561
19,108.70177125930786
