gen,usage
0,359.99609375
1,359.99609375
2,359.99609375
3,359.99609375
4,360.03125
5,360.03125
6,382.1953125
7,382.1953125
8,382.1953125
9,382.1953125
10,382.1953125
11,382.1953125
12,382.1953125
13,382.1953125
14,382.1953125
15,382.1953125
16,382.1953125
17,382.1953125
18,382.1953125
19,382.1953125
