gen,usage
0,431.546875
1,431.546875
2,431.546875
3,431.546875
4,431.546875
5,431.546875
6,431.546875
7,431.546875
8,431.546875
9,431.546875
10,431.546875
11,431.55078125
12,431.55078125
13,431.55078125
14,431.55078125
15,431.55078125
16,431.55078125
17,431.55078125
18,431.55078125
19,431.55078125
