gen,time
0,62.167129039764404
1,52.32030510902405
2,117.41124987602234
3,125.61184978485107
4,203.78609323501587
5,124.26964902877808
6,212.85173749923706
7,176.30233430862427
8,160.65984869003296
9,1383.890973329544
10,175.26240229606628
11,154.23208165168762
12,195.71925806999207
13,199.8996024131775
14,177.50527167320251
15,285.8223354816437
16,397.74727416038513
17,200.40560746192932
18,255.881343126297
19,205.48790073394775
