gen,usage
0,485.86328125
1,485.86328125
2,485.99609375
3,485.99609375
4,500.07421875
5,500.07421875
6,500.07421875
7,500.07421875
8,500.07421875
9,500.07421875
10,500.07421875
11,500.07421875
12,500.07421875
13,500.07421875
14,500.07421875
15,500.07421875
16,500.07421875
17,476.375
18,476.375
19,476.484375
