gen,time
0,81.62135243415833
1,70.38342308998108
2,189.40176367759705
3,217.8297245502472
4,186.69646549224854
5,396.30731225013733
6,187.02223896980286
7,462.0518720149994
8,269.7162091732025
9,568.6807110309601
10,310.55357670783997
11,410.47770977020264
12,1042.8307240009308
13,510.24742341041565
14,373.0085575580597
15,429.190269947052
16,1092.9565308094025
17,309.54830288887024
18,294.2436451911926
19,309.3495671749115
