gen,time
0,50.907206773757935
1,88.90261554718018
2,93.0410783290863
3,159.64786577224731
4,143.11959552764893
5,156.74125814437866
6,213.41582369804382
7,207.07293725013733
8,421.820143699646
9,240.69434261322021
10,353.99035596847534
11,232.94914960861206
12,373.8764338493347
13,139.88921904563904
14,108.50110936164856
15,183.42071747779846
16,153.42544031143188
17,89.89672303199768
18,147.51322221755981
19,95.22730684280396
