gen,time
0,110.34013104438782
1,148.67469143867493
2,463.4992928504944
3,213.03332138061523
4,150.3644621372223
5,17.62691330909729
6,47.96334481239319
7,100.36822271347046
8,114.92505407333374
9,97.28844261169434
10,79.06264328956604
11,99.16321563720703
12,81.07034397125244
13,96.84714841842651
14,129.8435616493225
15,97.1235454082489
16,122.53971028327942
17,171.82567191123962
18,77.90167284011841
19,738.8392279148102
