gen,time
0,55.59672689437866
1,38.13579845428467
2,51.309345960617065
3,51.53312301635742
4,223.43913578987122
5,119.07778596878052
6,1008.761470079422
7,71.93333888053894
8,77.90632748603821
9,713.8507544994354
10,107.4393413066864
11,93.33754897117615
12,136.07734942436218
13,82.49756455421448
14,92.91542530059814
15,71.64168500900269
16,107.28850674629211
17,100.91197466850281
18,164.80884313583374
19,91.33538961410522
