gen,time
0,65.7318696975708
1,76.19737148284912
2,289.0648376941681
3,503.027628660202
4,619.9431753158569
5,474.96299409866333
6,440.27354669570923
7,257.6048631668091
8,317.6695713996887
9,252.59109687805176
10,235.3624622821808
11,241.36975574493408
12,296.60707926750183
13,285.7183187007904
14,391.12067008018494
15,373.5571150779724
16,897.3608856201172
17,494.5048749446869
18,315.91645765304565
19,197.30869698524475
