gen,time
0,59.42464303970337
1,97.83986449241638
2,177.87988018989563
3,148.23572897911072
4,412.2981467247009
5,263.16150546073914
6,257.6505289077759
7,248.12399411201477
8,216.1110498905182
9,304.26747035980225
10,235.47587490081787
11,240.392596244812
12,281.22229385375977
13,220.99109363555908
14,111.20752906799316
15,111.4958393573761
16,189.19319891929626
17,200.98987412452698
18,339.67511773109436
19,344.9337339401245
