gen,time
0,47.2842857837677
1,50.839712142944336
2,60.982990741729736
3,79.031081199646
4,68.86388278007507
5,84.65707015991211
6,72.26758408546448
7,67.30896258354187
8,109.64293575286865
9,95.78440427780151
10,74.59906458854675
11,101.72996830940247
12,120.53525471687317
13,111.36652374267578
14,494.20030188560486
15,80.0270516872406
16,293.63274669647217
17,258.2557075023651
18,324.00178575515747
19,125.65108919143677
