gen,time
0,62.5686776638031
1,62.21905875205994
2,112.10072469711304
3,129.71190476417542
4,73.7588279247284
5,119.07122850418091
6,155.68152117729187
7,97.71840691566467
8,127.8606698513031
9,96.46671152114868
10,53.87777304649353
11,79.66911196708679
12,125.6322090625763
13,81.0607099533081
14,65.030024766922
15,72.52402353286743
16,91.71881079673767
17,44.21270203590393
18,48.348819732666016
19,71.77640175819397
