gen,usage
0,392.484375
1,392.484375
2,392.484375
3,392.484375
4,392.484375
5,392.484375
6,392.484375
7,392.484375
8,392.484375
9,392.484375
10,392.484375
11,392.484375
12,392.484375
13,392.484375
14,392.484375
15,350.17578125
16,350.17578125
17,350.17578125
18,350.17578125
19,350.17578125
