gen,time
0,74.10720324516296
1,59.02401852607727
2,120.4607367515564
3,46.32015299797058
4,111.66769075393677
5,127.36041378974915
6,85.37653827667236
7,111.53052020072937
8,87.51976203918457
9,94.14530754089355
10,106.62980794906616
11,160.9958860874176
12,97.25012445449829
13,60.09929347038269
14,296.76586961746216
15,66.49684286117554
16,164.0256712436676
17,129.1442551612854
18,160.44704675674438
19,110.04690527915955
