gen,time
0,59.66627550125122
1,185.80077981948853
2,46.012279987335205
3,112.917973279953
4,87.43711638450623
5,172.10924005508423
6,134.30890798568726
7,222.97566318511963
8,165.96080994606018
9,107.59666299819946
10,60.249261140823364
11,48.32876706123352
12,129.45297074317932
13,134.5066568851471
14,68.74413990974426
15,244.91620993614197
16,277.22495675086975
17,414.45242047309875
18,392.91221928596497
19,394.10531187057495
