gen,time
0,53.33769464492798
1,45.19400215148926
2,51.51584982872009
3,137.99500727653503
4,140.40244913101196
5,113.8187026977539
6,168.87111496925354
7,139.16677856445312
8,81.8269453048706
9,664.5040636062622
10,299.77146792411804
11,234.27582788467407
12,837.1056728363037
13,340.65312004089355
14,256.8641872406006
15,163.4171335697174
16,211.96840500831604
17,789.3313002586365
18,165.76673579216003
19,764.2073812484741
