gen,usage
0,446.97265625
1,446.97265625
2,446.97265625
3,446.97265625
4,446.97265625
5,446.97265625
6,446.97265625
7,446.97265625
8,446.97265625
9,446.97265625
10,446.97265625
11,446.97265625
12,446.97265625
13,446.97265625
14,446.97265625
15,446.97265625
16,446.98046875
17,446.98046875
18,446.98046875
19,446.98046875
