gen,time
0,47.03086519241333
1,49.23489236831665
2,64.19075870513916
3,113.20056676864624
4,29.338309049606323
5,18.215144395828247
6,84.21062111854553
7,264.08203291893005
8,264.2143349647522
9,294.18695855140686
10,244.65229845046997
11,278.5281491279602
12,267.6965284347534
13,1062.6507477760315
14,409.67142128944397
15,378.23289370536804
16,539.7422182559967
17,582.514237165451
18,404.2628126144409
19,492.44823598861694
