gen,time
0,55.05064082145691
1,34.984068870544434
2,218.75276470184326
3,52.62561249732971
4,67.95698642730713
5,100.69355583190918
6,101.64476656913757
7,95.53356981277466
8,100.80980277061462
9,329.9507052898407
10,166.14990901947021
11,292.58100414276123
12,163.18749594688416
13,68.87537384033203
14,102.01542353630066
15,441.51865434646606
16,115.0134449005127
17,91.27299451828003
18,124.97747230529785
19,132.9508671760559
