gen,time
0,62.16766023635864
1,65.18754005432129
2,158.59654188156128
3,64.36201858520508
4,144.188631772995
5,214.4720778465271
6,247.21768641471863
7,346.3173100948334
8,289.33942675590515
9,392.31350350379944
10,558.5151877403259
11,554.7092316150665
12,557.9562032222748
13,503.5189085006714
14,302.1269347667694
15,259.03296661376953
16,300.31503224372864
17,237.7383587360382
18,273.9938817024231
19,223.31839323043823
