gen,time
0,68.93860936164856
1,93.15908980369568
2,186.36850380897522
3,190.5526945590973
4,200.69223833084106
5,344.304972410202
6,74.33805871009827
7,77.93242406845093
8,87.65113425254822
9,116.53186440467834
10,108.57562398910522
11,100.35331535339355
12,109.23702073097229
13,130.41340827941895
14,112.67210841178894
15,93.182058095932
16,86.65806674957275
17,456.51429748535156
18,165.52737641334534
19,90.61999344825745
