gen,usage
0,394.640625
1,394.640625
2,394.640625
3,394.640625
4,394.640625
5,394.640625
6,394.640625
7,394.640625
8,394.640625
9,394.640625
10,399.1015625
11,399.1015625
12,399.1015625
13,399.1015625
14,399.1015625
15,399.1015625
16,399.1015625
17,399.1015625
18,399.1015625
19,399.1015625
