gen,usage
0,362.109375
1,364.65625
2,364.65625
3,364.65625
4,364.65625
5,364.65625
6,364.65625
7,364.65625
8,364.65625
9,364.65625
10,364.65625
11,364.65625
12,364.65625
13,364.65625
14,364.65625
15,364.66015625
16,364.66015625
17,364.6640625
18,364.6640625
19,364.6640625
