gen,time
0,85.833993434906
1,61.65252637863159
2,208.40787053108215
3,198.49447560310364
4,89.87475347518921
5,52.301607608795166
6,42.053096532821655
7,80.67069339752197
8,74.82418251037598
9,102.81996440887451
10,100.26971316337585
11,133.12614250183105
12,103.74511218070984
13,96.4866054058075
14,52.026490688323975
15,87.17278695106506
16,650.8689062595367
17,73.91850304603577
18,123.21503782272339
19,70.46908354759216
