gen,time
0,62.61888933181763
1,85.27984285354614
2,67.9495530128479
3,74.00060796737671
4,73.70418071746826
5,75.00372242927551
6,99.13752245903015
7,73.6812813282013
8,74.1237895488739
9,69.29844665527344
10,93.98526692390442
11,111.69937324523926
12,61.0176055431366
13,57.52436065673828
14,69.24071145057678
15,110.85857605934143
16,105.3599624633789
17,102.23032093048096
18,83.82674264907837
19,76.63184356689453
