gen,time
0,59.19600963592529
1,56.19803762435913
2,64.54795694351196
3,119.56411981582642
4,130.8991401195526
5,86.72026491165161
6,120.20887303352356
7,208.51420092582703
8,106.42560696601868
9,110.71862244606018
10,177.7686104774475
11,426.31614804267883
12,71.49278569221497
13,116.70052862167358
14,110.60693073272705
15,70.2375340461731
16,627.8557136058807
17,142.7894310951233
18,77.15540385246277
19,137.19647669792175
