gen,time
0,52.5872962474823
1,40.519177198410034
2,53.18385577201843
3,109.40087532997131
4,314.4123694896698
5,146.67916870117188
6,148.35662722587585
7,532.3566627502441
8,91.57429838180542
9,76.18696427345276
10,109.04012155532837
11,54.64310264587402
12,78.24906992912292
13,453.49381160736084
14,59.899595737457275
15,334.60988998413086
16,124.2212438583374
17,73.99979209899902
18,136.13928985595703
19,321.70320987701416
