gen,time
0,69.91196537017822
1,99.10578632354736
2,71.36587858200073
3,57.20406675338745
4,52.55672264099121
5,122.88415288925171
6,101.00882291793823
7,64.00288462638855
8,117.30092859268188
9,95.34866309165955
10,174.4453854560852
11,306.30413484573364
12,70.37708401679993
13,77.87194228172302
14,94.47268486022949
15,96.64294004440308
16,128.9468855857849
17,118.46878504753113
18,67.78342700004578
19,214.67880368232727
