gen,usage
0,446.98046875
1,446.98046875
2,446.98046875
3,446.98046875
4,446.98046875
5,446.98046875
6,446.98046875
7,446.98046875
8,446.98046875
9,460.296875
10,460.296875
11,460.296875
12,460.296875
13,460.296875
14,460.296875
15,460.296875
16,460.296875
17,460.296875
18,460.296875
19,460.296875
