gen,time
0,43.81738615036011
1,38.803239822387695
2,93.62557816505432
3,52.41444754600525
4,70.86904811859131
5,76.61258816719055
6,93.00099492073059
7,85.76806902885437
8,113.01441049575806
9,109.42879986763
10,152.44394373893738
11,86.6064944267273
12,125.28931093215942
13,192.519273519516
14,141.0679988861084
15,87.63804960250854
16,539.4543333053589
17,198.7920961380005
18,174.61730456352234
19,141.0933985710144
