gen,time
0,48.540905475616455
1,56.10604000091553
2,91.92979001998901
3,113.6723096370697
4,235.59680461883545
5,226.8232877254486
6,257.8248062133789
7,185.77296376228333
8,344.4247887134552
9,383.58640027046204
10,117.96654391288757
11,32.2734797000885
12,17.739756107330322
13,24.22160816192627
14,47.274574995040894
15,67.44191360473633
16,109.93866872787476
17,134.39094614982605
18,136.17115664482117
19,154.22865653038025
