gen,time
0,49.726582288742065
1,64.8362078666687
2,67.39148879051208
3,46.444026470184326
4,27.1368408203125
5,22.35146927833557
6,17.48778223991394
7,27.58881688117981
8,8.639939308166504
9,41.6158561706543
10,17.446168899536133
11,101.59040379524231
12,64.23422455787659
13,20.19505023956299
14,41.57794141769409
15,34.24389839172363
16,57.55280900001526
17,29.637806177139282
18,53.39427161216736
19,18.93980622291565
