gen,time
0,63.446414947509766
1,70.4567346572876
2,74.30105900764465
3,53.742358684539795
4,49.83599805831909
5,50.04949951171875
6,37.37416100502014
7,9.446598052978516
8,20.880359888076782
9,55.83052444458008
10,72.87205123901367
11,12.533842086791992
12,43.00529909133911
13,21.597061157226562
14,146.29365396499634
15,20.939544439315796
16,83.06132006645203
17,11.024250268936157
18,20.560885667800903
19,73.97396659851074
