gen,time
0,54.62032079696655
1,48.35434412956238
2,191.47394347190857
3,146.94625210762024
4,191.43653321266174
5,349.24115347862244
6,486.38747692108154
7,1254.9896080493927
8,473.7271044254303
9,265.2782893180847
10,273.2510898113251
11,316.222060918808
12,471.6806137561798
13,274.3103220462799
14,324.85042691230774
15,429.19132566452026
16,419.2104275226593
17,399.2302052974701
18,703.4647977352142
19,1797.6925239562988
