gen,time
0,60.78486490249634
1,61.90817308425903
2,76.22152495384216
3,93.97990322113037
4,74.33762741088867
5,99.25402164459229
6,111.78146290779114
7,246.3729853630066
8,92.56324076652527
9,52.824037313461304
10,160.10721588134766
11,124.1098141670227
12,79.18958592414856
13,139.16838812828064
14,588.3698227405548
15,123.1051115989685
16,606.6146926879883
17,130.46011972427368
18,179.17622542381287
19,117.95494413375854
