gen,time
0,37.70500373840332
1,50.80992841720581
2,66.9602222442627
3,65.6666648387909
4,104.52125978469849
5,51.21653413772583
6,92.0976448059082
7,81.04233860969543
8,92.50308012962341
9,84.39950394630432
10,109.28451871871948
11,96.46038031578064
12,97.3556637763977
13,342.74187326431274
14,60.03110361099243
15,94.14246845245361
16,93.95412039756775
17,69.9560878276825
18,558.0787847042084
19,88.40359306335449
