gen,usage
0,507.91796875
1,507.91796875
2,507.91796875
3,507.91796875
4,507.91796875
5,507.91796875
6,507.91796875
7,507.921875
8,507.92578125
9,507.92578125
10,507.92578125
11,507.92578125
12,507.92578125
13,498.05859375
14,498.05859375
15,498.05859375
16,498.05859375
17,498.05859375
18,498.05859375
19,498.05859375
