gen,usage
0,394.63671875
1,394.63671875
2,394.63671875
3,394.63671875
4,394.63671875
5,394.63671875
6,394.63671875
7,394.63671875
8,394.63671875
9,394.63671875
10,394.63671875
11,394.63671875
12,394.63671875
13,394.63671875
14,394.63671875
15,394.63671875
16,394.640625
17,394.640625
18,394.640625
19,394.640625
