gen,time
0,68.41450500488281
1,84.65273666381836
2,121.48609328269958
3,69.68301033973694
4,115.91815185546875
5,236.44760942459106
6,388.74646639823914
7,346.73292088508606
8,414.0584433078766
9,582.0421848297119
10,486.0413112640381
11,475.42273712158203
12,373.9343557357788
13,295.99654173851013
14,503.9379315376282
15,514.8052394390106
16,1157.9333226680756
17,632.6528160572052
18,617.324137210846
19,430.63833951950073
