gen,time
0,61.88469171524048
1,68.27167177200317
2,267.8720245361328
3,183.63088989257812
4,191.31566882133484
5,162.24483442306519
6,37.677753925323486
7,67.19822549819946
8,249.76670932769775
9,52.535518646240234
10,108.26330304145813
11,647.8842709064484
12,101.20495176315308
13,113.25281262397766
14,99.14832878112793
15,574.5902833938599
16,143.05502319335938
17,129.1683006286621
18,128.56102347373962
19,140.59924411773682
