gen,usage
0,378.1171875
1,378.1171875
2,378.1171875
3,378.1171875
4,378.1171875
5,378.1171875
6,378.1171875
7,378.1171875
8,378.1171875
9,378.1171875
10,378.1171875
11,378.1171875
12,378.1171875
13,406.28125
14,406.28125
15,406.28125
16,406.28125
17,406.28125
18,406.28125
19,378.1171875
