gen,time
0,46.52764964103699
1,80.3182852268219
2,48.54854679107666
3,218.8934953212738
4,42.16899752616882
5,32.56678366661072
6,35.44549012184143
7,32.76616859436035
8,45.28485608100891
9,39.43678402900696
10,50.131678104400635
11,67.50385284423828
12,45.05022883415222
13,71.66139507293701
14,67.51448154449463
15,42.22142505645752
16,61.13911247253418
17,49.527055978775024
18,50.28209400177002
19,46.75931000709534
