gen,time
0,65.56498217582703
1,58.91596055030823
2,148.2829179763794
3,164.10987877845764
4,388.2108995914459
5,512.6038992404938
6,875.105589389801
7,778.8488733768463
8,182.91682362556458
9,478.91146087646484
10,505.54799151420593
11,1584.5718212127686
12,916.2409746646881
13,901.1585726737976
14,1099.939395904541
15,331.79066467285156
16,265.3232116699219
17,226.44217014312744
18,340.7265839576721
19,262.8485083580017
