gen,time
0,96.42476511001587
1,96.70088386535645
2,82.13901734352112
3,160.8814160823822
4,155.0610489845276
5,182.93373942375183
6,144.10668992996216
7,147.17977595329285
8,228.3181824684143
9,143.48306512832642
10,192.69601964950562
11,156.12935757637024
12,250.14013409614563
13,912.9233913421631
14,243.2202332019806
15,128.88956689834595
16,107.63470363616943
17,79.10985779762268
18,94.4257824420929
19,499.03238320350647
