gen,usage
0,374.9140625
1,374.9140625
2,374.9140625
3,374.9140625
4,374.9140625
5,374.9140625
6,374.9140625
7,374.9140625
8,374.9140625
9,374.9140625
10,374.9140625
11,374.9140625
12,374.94921875
13,374.94921875
14,374.94921875
15,374.94921875
16,374.94921875
17,374.94921875
18,374.94921875
19,374.94921875
