gen,time
0,40.27362108230591
1,52.74274659156799
2,90.89635610580444
3,103.58124828338623
4,113.71724820137024
5,177.35968565940857
6,180.47568893432617
7,430.3812210559845
8,101.96897554397583
9,120.82716846466064
10,124.16990828514099
11,125.6433961391449
12,141.19555258750916
13,100.46736121177673
14,61.335206031799316
15,145.61252355575562
16,139.16190838813782
17,138.48899340629578
18,110.02333664894104
19,149.31968188285828
