gen,time
0,66.29342293739319
1,89.09521198272705
2,108.97218704223633
3,89.42415642738342
4,152.3414762020111
5,164.13982796669006
6,163.49671339988708
7,555.3569498062134
8,125.25970697402954
9,280.4301371574402
10,239.2767951488495
11,387.89943528175354
12,93.26965284347534
13,100.04417991638184
14,96.37048268318176
15,153.900630235672
16,763.7233374118805
17,116.28099870681763
18,119.86448383331299
19,147.50163507461548
