gen,usage
0,380.2578125
1,380.2578125
2,380.2578125
3,366.23828125
4,366.23828125
5,366.23828125
6,366.23828125
7,366.23828125
8,366.23828125
9,366.23828125
10,366.23828125
11,366.23828125
12,366.23828125
13,366.23828125
14,366.23828125
15,366.23828125
16,366.23828125
17,366.23828125
18,366.23828125
19,366.23828125
