gen,usage
0,435.41015625
1,435.41015625
2,435.41015625
3,435.41015625
4,435.41015625
5,435.41015625
6,435.41015625
7,433.16015625
8,433.16015625
9,433.16015625
10,433.16015625
11,433.16015625
12,433.16015625
13,433.16015625
14,433.16015625
15,433.16015625
16,433.16015625
17,433.16015625
18,433.16015625
19,433.16015625
