gen,time
0,43.598514795303345
1,61.83245635032654
2,72.2821102142334
3,78.21431636810303
4,115.32548379898071
5,120.56743907928467
6,75.97430515289307
7,74.78946995735168
8,51.60454249382019
9,94.00953316688538
10,71.12457513809204
11,99.14189791679382
12,151.29621148109436
13,185.97260642051697
14,133.90351033210754
15,93.7199399471283
16,207.15614771842957
17,36.92826008796692
18,53.759241342544556
19,55.777801513671875
