gen,time
0,92.52861094474792
1,79.46934914588928
2,199.794109582901
3,185.80097889900208
4,518.9614486694336
5,307.8438196182251
6,1103.3626861572266
7,364.3353793621063
8,180.3484754562378
9,198.56345200538635
10,151.55612635612488
11,186.33919072151184
12,183.66862106323242
13,460.1968080997467
14,786.7229444980621
15,569.4428083896637
16,1075.1386845111847
17,370.56608486175537
18,665.809716463089
19,429.8045086860657
