gen,time
0,62.28617215156555
1,90.40814924240112
2,143.7948043346405
3,54.245309829711914
4,108.05359292030334
5,64.04221391677856
6,73.96349859237671
7,86.80470561981201
8,87.77782249450684
9,118.00148177146912
10,119.66551995277405
11,47.98069882392883
12,64.40734481811523
13,71.92082977294922
14,66.25437521934509
15,122.0473792552948
16,100.05703973770142
17,86.38938164710999
18,75.87664079666138
19,117.47106194496155
