gen,time
0,264.68821239471436
1,424.11385464668274
2,81.73859095573425
3,78.33820343017578
4,207.44513940811157
5,101.80673050880432
6,109.6295337677002
7,132.4238202571869
8,171.97655415534973
9,108.34182620048523
10,99.32418608665466
11,193.12673497200012
12,150.63070702552795
13,417.3752145767212
14,188.86264848709106
15,209.85448050498962
16,103.0027277469635
17,113.14146208763123
18,332.67420840263367
19,162.65850496292114
