gen,time
0,72.67508888244629
1,70.3654613494873
2,99.91424179077148
3,188.8983519077301
4,183.03733015060425
5,41.638585567474365
6,185.24428272247314
7,276.1449272632599
8,244.49778509140015
9,202.75959420204163
10,306.7287094593048
11,240.01189303398132
12,275.7699806690216
13,353.8663504123688
14,382.4377317428589
15,271.50341796875
16,283.3841893672943
17,498.0707242488861
18,462.6521010398865
19,287.2393045425415
