gen,time
0,49.76523947715759
1,58.42216181755066
2,289.09096097946167
3,263.4178068637848
4,218.68584656715393
5,191.74866151809692
6,426.9399790763855
7,1237.0453114509583
8,467.114764213562
9,241.7729504108429
10,308.95534586906433
11,368.4387183189392
12,510.14107275009155
13,246.26092553138733
14,228.78362035751343
15,253.34466886520386
16,292.5994882583618
17,461.10442209243774
18,352.47289633750916
19,419.9907820224762
