gen,usage
0,374.94921875
1,374.94921875
2,374.94921875
3,374.94921875
4,374.94921875
5,374.94921875
6,374.94921875
7,374.94921875
8,374.94921875
9,374.94921875
10,374.96484375
11,374.96484375
12,374.96484375
13,374.96484375
14,374.96484375
15,374.96484375
16,374.96484375
17,374.96484375
18,374.96484375
19,374.96484375
