gen,time
0,51.831544637680054
1,66.68584513664246
2,545.4767444133759
3,583.5332932472229
4,720.3733835220337
5,964.1544380187988
6,842.1139416694641
7,1110.4174604415894
8,218.9800271987915
9,154.99980449676514
10,229.41146516799927
11,250.16729259490967
12,221.1716275215149
13,227.88266324996948
14,181.30118441581726
15,221.61583065986633
16,261.9098229408264
17,227.99883008003235
18,226.00355291366577
19,238.52843952178955
