gen,time
0,86.3612813949585
1,93.86264157295227
2,253.40987372398376
3,183.5539734363556
4,152.50259447097778
5,226.5113968849182
6,278.0056354999542
7,250.34403538703918
8,236.83668899536133
9,322.5890395641327
10,388.3389341831207
11,361.8619496822357
12,191.9872190952301
13,770.4885828495026
14,208.01255559921265
15,182.1933696269989
16,224.99590826034546
17,344.4788718223572
18,241.09735870361328
19,245.6930480003357
