gen,time
0,56.263527393341064
1,75.43847823143005
2,141.78271174430847
3,55.871729612350464
4,64.0855495929718
5,90.11998438835144
6,54.090359687805176
7,160.15640783309937
8,125.36935997009277
9,217.77961206436157
10,276.49963665008545
11,196.20881581306458
12,370.09986996650696
13,557.5067722797394
14,362.20875215530396
15,263.3535542488098
16,243.1804482936859
17,280.2929651737213
18,274.57284569740295
19,306.3156507015228
