gen,time
0,76.10333895683289
1,80.88600778579712
2,168.1699662208557
3,119.0636374950409
4,55.26928925514221
5,88.30917286872864
6,95.41000270843506
7,78.70992708206177
8,115.73339867591858
9,75.47025227546692
10,123.86168456077576
11,112.66063380241394
12,103.33485245704651
13,82.79844188690186
14,73.71612048149109
15,98.64276385307312
16,77.42348408699036
17,118.35579776763916
18,93.08244252204895
19,121.12916445732117
