gen,time
0,58.398857831954956
1,42.582045555114746
2,54.58022928237915
3,180.26750826835632
4,213.89882707595825
5,248.3669352531433
6,186.3451178073883
7,134.45810413360596
8,159.78645133972168
9,324.2876422405243
10,107.60621953010559
11,71.14342212677002
12,74.22695446014404
13,88.20154523849487
14,87.11936831474304
15,99.2472653388977
16,62.73469114303589
17,105.72384405136108
18,77.80371713638306
19,52.59369206428528
