gen,time
0,54.59620213508606
1,65.72528886795044
2,104.43792486190796
3,212.35490536689758
4,286.0430862903595
5,153.70669984817505
6,184.69060587882996
7,163.44473838806152
8,210.7659969329834
9,274.98919105529785
10,143.251629114151
11,99.74603414535522
12,97.7787344455719
13,132.78125381469727
14,274.96872210502625
15,894.9448368549347
16,308.897278547287
17,838.5999662876129
18,190.17991495132446
19,297.00270199775696
