gen,time
0,87.63407373428345
1,79.23959469795227
2,59.09622406959534
3,145.011554479599
4,43.21216154098511
5,52.26490640640259
6,52.116177797317505
7,64.09506130218506
8,80.70493912696838
9,92.05325627326965
10,58.32715106010437
11,107.4005696773529
12,126.14956665039062
13,87.16463041305542
14,60.50959086418152
15,185.90820598602295
16,335.31141924858093
17,131.16524744033813
18,187.55522084236145
19,226.9738655090332
